{"timestamp": "2025-11-24T16:24:53.258423+00:00", "data": {"Toronto General (University Health Network)": "1 hr 58 min", "Toronto Western (University Health Network)": "1 hr 15 min", "Windsor Regional Hospital - Oullette Campus": "Not available", "Windsor Regional Hospital - Metropolitan Campus": "Not available", "Timmins and District Hospital": "0 hr 0 min", "West Parry Sound Hospital": "5 hr 0 min", "North Bay Regional Health Centre": "2 hr  38 min", "Georgian Bay, Midland": "Not available", "Grand River, Kitchener": "2 hr  41 min", "St. Mary\u2019s General, Kitchener": "4 hr 0 min", "Collingwood General and Marine Hospital": "3 hr 0 min", "Stevenson Memorial Hospital (Alliston)": "3 hr 30 min", "Childrens Hospital (London Health Sciences Centre)": "1 hr 45 min", "University Hospital (London Health Sciences Centre)": "6 hr 15 min", "Victoria Hospital (London Health Sciences Centre)": "4 hr 15 min", "Oshawa (Lakeridge Health)": "1 hr 10 min to1 hr 35 min", "Ajax (Lakeridge Health)": "1 hr 11 min to1 hr 56 min", "Bowmanville (Lakeridge Health)": "2 hr 9 min to5 hr or more", "Port Perry (Lakeridge Health)": "1 hr 10 min to1 hr 38 min", "Etobicoke (William Osler Health System)": "Not available", "Brampton Civic (William Osler Health System)": "Not available", "Peel Memorial Urgent Care (William Osler Health System)": "Not available", "CHEO (Childrens Hospital of Eastern Ontario)": "6 hr 05 min", "King Campus Urgent Care, St. Joseph\u2019s Healthcare Hamilton": "0 hr 56 min", "West End Urgent Care Centre": "0 hr 41 min", "McMaster Children\u2019s Hospital": "0 hr 45 min", "Hamilton General Hospital": "1 hr 10 min", "Juravinski Hospital and Cancer Centre": "2 hr 4 min", "St. Joseph\u2019s Healthcare Hamilton, Charlton Campus": "0 hr 39 min", "West Lincoln Memorial Hospital": "1 hr 13 min", "Cambridge Memorial": "Not available", "St. Catherines (Niagara Health)": "5 hr 0 min", "Niagara Falls (Niagara Health)": "3 hr 0 min", "Welland (Niagara Health)": "2 hr 30 min", "Brantford General": "1 hr 31 min", "Oakville Trafalgar Memorial (Halton Healthcare)": "1 hr 33 min", "Milton District (Halton Healthcare)": "1 hr 21 min", "Georgetown (Halton Healthcare)": "2 hr 15 min", "Sunnybrook": "3 hr 58 min", "Markham Stouffville (Oak Valley Health)": "2 hr 0 min", "Uxbridge (Oak Valley Health)": "0 hr 30 min", "Joseph Brant Hospital, Burlington": "Not available", "Guelph General": "Not available", "Mackenzie Richmond Hill (Mackenzie Health)": "Not available", "Cortellucci Vaughan (Mackenzie Health)": "Not available", "Humber River Hospital": "Not available", "St. Josephs Health Centre (Unity) Toronto": "Not available", "St. Michaels (Unity) Toronto": "Not available", "North York General": "Not available", "Southlake": "Not available", "Queensway Carleton Hospital": "Not available", "Ottawa Civic (The Ottawa Hospital)": "Not available", "Ottawa General (The Ottawa Hospital)": "Not available"}}{"timestamp": "2025-11-24T16:35:03.941350+00:00", "data": {"Toronto General (University Health Network)": "2 hr 1 min", "Toronto Western (University Health Network)": "1 hr 2 min", "Windsor Regional Hospital - Oullette Campus": "Not available", "Windsor Regional Hospital - Metropolitan Campus": "Not available", "Timmins and District Hospital": "0 hr 0 min", "West Parry Sound Hospital": "5 hr 0 min", "North Bay Regional Health Centre": "3 hr  24 min", "Georgian Bay, Midland": "Not available", "Grand River, Kitchener": "2 hr  41 min", "St. Mary\u2019s General, Kitchener": "4 hr 0 min", "Collingwood General and Marine Hospital": "2 hr 30 min", "Stevenson Memorial Hospital (Alliston)": "3 hr 30 min", "Childrens Hospital (London Health Sciences Centre)": "1 hr 45 min", "University Hospital (London Health Sciences Centre)": "6 hr 15 min", "Victoria Hospital (London Health Sciences Centre)": "4 hr 15 min", "Oshawa (Lakeridge Health)": "1 hr 10 min to1 hr 35 min", "Ajax (Lakeridge Health)": "1 hr 11 min to1 hr 56 min", "Bowmanville (Lakeridge Health)": "2 hr 9 min to5 hr or more", "Port Perry (Lakeridge Health)": "1 hr 10 min to1 hr 38 min", "Etobicoke (William Osler Health System)": "Not available", "Brampton Civic (William Osler Health System)": "Not available", "Peel Memorial Urgent Care (William Osler Health System)": "Not available", "CHEO (Childrens Hospital of Eastern Ontario)": "6 hr 05 min", "King Campus Urgent Care, St. Joseph\u2019s Healthcare Hamilton": "0 hr 58 min", "West End Urgent Care Centre": "0 hr 51 min", "McMaster Children\u2019s Hospital": "0 hr 48 min", "Hamilton General Hospital": "1 hr 10 min", "Juravinski Hospital and Cancer Centre": "2 hr 1 min", "St. Joseph\u2019s Healthcare Hamilton, Charlton Campus": "0 hr 39 min", "West Lincoln Memorial Hospital": "1 hr 14 min", "Cambridge Memorial": "Not available", "St. Catherines (Niagara Health)": "5 hr 0 min", "Niagara Falls (Niagara Health)": "2 hr 30 min", "Welland (Niagara Health)": "2 hr 30 min", "Brantford General": "1 hr 41 min", "Oakville Trafalgar Memorial (Halton Healthcare)": "1 hr 25 min", "Milton District (Halton Healthcare)": "1 hr 23 min", "Georgetown (Halton Healthcare)": "2 hr 29 min", "Sunnybrook": "3 hr 58 min", "Markham Stouffville (Oak Valley Health)": "2 hr 0 min", "Uxbridge (Oak Valley Health)": "1 hr 0 min", "Joseph Brant Hospital, Burlington": "Not available", "Guelph General": "Not available", "Mackenzie Richmond Hill (Mackenzie Health)": "Not available", "Cortellucci Vaughan (Mackenzie Health)": "Not available", "Humber River Hospital": "Not available", "St. Josephs Health Centre (Unity) Toronto": "Not available", "St. Michaels (Unity) Toronto": "Not available", "North York General": "Not available", "Southlake": "Not available", "Queensway Carleton Hospital": "Not available", "Ottawa Civic (The Ottawa Hospital)": "Not available", "Ottawa General (The Ottawa Hospital)": "Not available"}}{"timestamp": "2025-11-24T17:10:05.647296+00:00", "data": {"Toronto General (University Health Network)": "2 hr 1 min", "Toronto Western (University Health Network)": "1 hr 2 min", "Windsor Regional Hospital - Oullette Campus": "Not available", "Windsor Regional Hospital - Metropolitan Campus": "Not available", "Timmins and District Hospital": "0 hr 0 min", "West Parry Sound Hospital": "5 hr 30 min", "North Bay Regional Health Centre": "3 hr  37 min", "Georgian Bay, Midland": "Not available", "Grand River, Kitchener": "2 hr  28 min", "St. Mary\u2019s General, Kitchener": "4 hr 0 min", "Collingwood General and Marine Hospital": "4 hr 0 min", "Stevenson Memorial Hospital (Alliston)": "4 hr 0 min", "Childrens Hospital (London Health Sciences Centre)": "2 hr 0 min", "University Hospital (London Health Sciences Centre)": "7 hr 0 min", "Victoria Hospital (London Health Sciences Centre)": "3 hr 0 min", "Oshawa (Lakeridge Health)": "1 hr 15 min to1 hr 40 min", "Ajax (Lakeridge Health)": "1 hr 19 min to2 hr 0 min", "Bowmanville (Lakeridge Health)": "1 hr 46 min to2 hr 9 min", "Port Perry (Lakeridge Health)": "1 hr 28 min to2 hr 10 min", "Etobicoke (William Osler Health System)": "Not available", "Brampton Civic (William Osler Health System)": "Not available", "Peel Memorial Urgent Care (William Osler Health System)": "Not available", "CHEO (Childrens Hospital of Eastern Ontario)": "6 hr 13 min", "King Campus Urgent Care, St. Joseph\u2019s Healthcare Hamilton": "1 hr 6 min", "West End Urgent Care Centre": "1 hr 5 min", "McMaster Children\u2019s Hospital": "0 hr 48 min", "Hamilton General Hospital": "1 hr 10 min", "Juravinski Hospital and Cancer Centre": "1 hr 44 min", "St. Joseph\u2019s Healthcare Hamilton, Charlton Campus": "0 hr 43 min", "West Lincoln Memorial Hospital": "1 hr 14 min", "Cambridge Memorial": "Not available", "St. Catherines (Niagara Health)": "5 hr 30 min", "Niagara Falls (Niagara Health)": "2 hr 30 min", "Welland (Niagara Health)": "2 hr 30 min", "Brantford General": "2 hr 11 min", "Oakville Trafalgar Memorial (Halton Healthcare)": "1 hr 20 min", "Milton District (Halton Healthcare)": "1 hr 32 min", "Georgetown (Halton Healthcare)": "2 hr 44 min", "Sunnybrook": "4 hr 30 min", "Markham Stouffville (Oak Valley Health)": "2 hr 30 min", "Uxbridge (Oak Valley Health)": "1 hr 0 min", "Joseph Brant Hospital, Burlington": "Not available", "Guelph General": "Not available", "Mackenzie Richmond Hill (Mackenzie Health)": "Not available", "Cortellucci Vaughan (Mackenzie Health)": "Not available", "Humber River Hospital": "Not available", "St. Josephs Health Centre (Unity) Toronto": "Not available", "St. Michaels (Unity) Toronto": "Not available", "North York General": "Not available", "Southlake": "Not available", "Queensway Carleton Hospital": "Not available", "Ottawa Civic (The Ottawa Hospital)": "Not available", "Ottawa General (The Ottawa Hospital)": "Not available"}}{"timestamp": "2025-11-24T18:10:04.390212+00:00", "data": {"Toronto General (University Health Network)": "2 hr 5 min", "Toronto Western (University Health Network)": "1 hr 19 min", "Windsor Regional Hospital - Oullette Campus": "Not available", "Windsor Regional Hospital - Metropolitan Campus": "Not available", "Timmins and District Hospital": "Not available", "West Parry Sound Hospital": "5 hr 0 min", "North Bay Regional Health Centre": "4 hr  24 min", "Georgian Bay, Midland": "Not available", "Grand River, Kitchener": "2 hr  54 min", "St. Mary\u2019s General, Kitchener": "4 hr 0 min", "Collingwood General and Marine Hospital": "4 hr 30 min", "Stevenson Memorial Hospital (Alliston)": "4 hr 30 min", "Childrens Hospital (London Health Sciences Centre)": "2 hr 30 min", "University Hospital (London Health Sciences Centre)": "8 hr 0 min", "Victoria Hospital (London Health Sciences Centre)": "3 hr 45 min", "Oshawa (Lakeridge Health)": "1 hr 18 min to1 hr 49 min", "Ajax (Lakeridge Health)": "1 hr 57 min to2 hr 57 min", "Bowmanville (Lakeridge Health)": "1 hr 25 min to2 hr 0 min", "Port Perry (Lakeridge Health)": "1 hr 48 min to2 hr 55 min", "Etobicoke (William Osler Health System)": "1 hr 33 min", "Brampton Civic (William Osler Health System)": "Not available", "Peel Memorial Urgent Care (William Osler Health System)": "Not available", "CHEO (Childrens Hospital of Eastern Ontario)": "8 hr 15 min", "King Campus Urgent Care, St. Joseph\u2019s Healthcare Hamilton": "1 hr 10 min", "West End Urgent Care Centre": "1 hr 14 min", "McMaster Children\u2019s Hospital": "0 hr 54 min", "Hamilton General Hospital": "1 hr 9 min", "Juravinski Hospital and Cancer Centre": "1 hr 17 min", "St. Joseph\u2019s Healthcare Hamilton, Charlton Campus": "0 hr 46 min", "West Lincoln Memorial Hospital": "1 hr 35 min", "Cambridge Memorial": "Not available", "St. Catherines (Niagara Health)": "5 hr 30 min", "Niagara Falls (Niagara Health)": "3 hr 30 min", "Welland (Niagara Health)": "3 hr 0 min", "Brantford General": "2 hr 57 min", "Oakville Trafalgar Memorial (Halton Healthcare)": "1 hr 41 min", "Milton District (Halton Healthcare)": "1 hr 40 min", "Georgetown (Halton Healthcare)": "2 hr 56 min", "Sunnybrook": "4 hr 33 min", "Markham Stouffville (Oak Valley Health)": "3 hr 0 min", "Uxbridge (Oak Valley Health)": "2 hr 0 min", "Joseph Brant Hospital, Burlington": "Not available", "Guelph General": "Not available", "Mackenzie Richmond Hill (Mackenzie Health)": "Not available", "Cortellucci Vaughan (Mackenzie Health)": "Not available", "Humber River Hospital": "Not available", "St. Josephs Health Centre (Unity) Toronto": "Not available", "St. Michaels (Unity) Toronto": "Not available", "North York General": "Not available", "Southlake": "Not available", "Queensway Carleton Hospital": "Not available", "Ottawa Civic (The Ottawa Hospital)": "Not available", "Ottawa General (The Ottawa Hospital)": "Not available"}}{"timestamp": "2025-11-24T18:25:03.568357+00:00", "data": {"Toronto General (University Health Network)": "2 hr 5 min", "Toronto Western (University Health Network)": "1 hr 19 min", "Windsor Regional Hospital - Oullette Campus": "Not available", "Windsor Regional Hospital - Metropolitan Campus": "Not available", "Timmins and District Hospital": "Not available", "West Parry Sound Hospital": "5 hr 30 min", "North Bay Regional Health Centre": "4 hr  40 min", "Georgian Bay, Midland": "Not available", "Grand River, Kitchener": "3 hr  20 min", "St. Mary\u2019s General, Kitchener": "4 hr 0 min", "Collingwood General and Marine Hospital": "5+ hr 0 min", "Stevenson Memorial Hospital (Alliston)": "4 hr 30 min", "Childrens Hospital (London Health Sciences Centre)": "2 hr 45 min", "University Hospital (London Health Sciences Centre)": "8 hr 15 min", "Victoria Hospital (London Health Sciences Centre)": "4 hr 0 min", "Oshawa (Lakeridge Health)": "1 hr 19 min to1 hr 47 min", "Ajax (Lakeridge Health)": "2 hr 3 min to3 hr 6 min", "Bowmanville (Lakeridge Health)": "1 hr 26 min to2 hr 14 min", "Port Perry (Lakeridge Health)": "1 hr 55 min to3 hr 17 min", "Etobicoke (William Osler Health System)": "1 hr 33 min", "Brampton Civic (William Osler Health System)": "Not available", "Peel Memorial Urgent Care (William Osler Health System)": "Not available", "CHEO (Childrens Hospital of Eastern Ontario)": "8 hr 15 min", "King Campus Urgent Care, St. Joseph\u2019s Healthcare Hamilton": "1 hr 11 min", "West End Urgent Care Centre": "1 hr 11 min", "McMaster Children\u2019s Hospital": "0 hr 50 min", "Hamilton General Hospital": "1 hr 10 min", "Juravinski Hospital and Cancer Centre": "1 hr 19 min", "St. Joseph\u2019s Healthcare Hamilton, Charlton Campus": "0 hr 46 min", "West Lincoln Memorial Hospital": "1 hr 45 min", "Cambridge Memorial": "Not available", "St. Catherines (Niagara Health)": "6 hr 0 min", "Niagara Falls (Niagara Health)": "3 hr 30 min", "Welland (Niagara Health)": "3 hr 0 min", "Brantford General": "3 hr 12 min", "Oakville Trafalgar Memorial (Halton Healthcare)": "1 hr 49 min", "Milton District (Halton Healthcare)": "1 hr 39 min", "Georgetown (Halton Healthcare)": "2 hr 54 min", "Sunnybrook": "4 hr 51 min", "Markham Stouffville (Oak Valley Health)": "3 hr 30 min", "Uxbridge (Oak Valley Health)": "2 hr 0 min", "Joseph Brant Hospital, Burlington": "Not available", "Guelph General": "Not available", "Mackenzie Richmond Hill (Mackenzie Health)": "Not available", "Cortellucci Vaughan (Mackenzie Health)": "Not available", "Humber River Hospital": "Not available", "St. Josephs Health Centre (Unity) Toronto": "Not available", "St. Michaels (Unity) Toronto": "Not available", "North York General": "Not available", "Southlake": "Not available", "Queensway Carleton Hospital": "Not available", "Ottawa Civic (The Ottawa Hospital)": "Not available", "Ottawa General (The Ottawa Hospital)": "Not available"}}{"timestamp": "2025-11-24T18:49:57.803679+00:00", "data": {"Toronto General (University Health Network)": "2 hr 6 min", "Toronto Western (University Health Network)": "1 hr 20 min", "Windsor Regional Hospital - Oullette Campus": "Not available", "Windsor Regional Hospital - Metropolitan Campus": "Not available", "Timmins and District Hospital": "Not available", "West Parry Sound Hospital": "6 hr 0 min", "North Bay Regional Health Centre": "4 hr  14 min", "Georgian Bay, Midland": "Not available", "Grand River, Kitchener": "3 hr  35 min", "St. Mary\u2019s General, Kitchener": "4 hr 30 min", "Collingwood General and Marine Hospital": "5+ hr 0 min", "Stevenson Memorial Hospital (Alliston)": "4 hr 30 min", "Childrens Hospital (London Health Sciences Centre)": "2 hr 0 min", "University Hospital (London Health Sciences Centre)": "8 hr 30 min", "Victoria Hospital (London Health Sciences Centre)": "4 hr 15 min", "Oshawa (Lakeridge Health)": "1 hr 22 min to1 hr 50 min", "Ajax (Lakeridge Health)": "2 hr 9 min to3 hr 20 min", "Bowmanville (Lakeridge Health)": "1 hr 27 min to2 hr 17 min", "Port Perry (Lakeridge Health)": "1 hr 48 min to2 hr 42 min", "Etobicoke (William Osler Health System)": "1 hr 33 min", "Brampton Civic (William Osler Health System)": "Not available", "Peel Memorial Urgent Care (William Osler Health System)": "Not available", "CHEO (Childrens Hospital of Eastern Ontario)": "8 hr 15 min", "King Campus Urgent Care, St. Joseph\u2019s Healthcare Hamilton": "1 hr 11 min", "West End Urgent Care Centre": "1 hr 17 min", "McMaster Children\u2019s Hospital": "0 hr 56 min", "Hamilton General Hospital": "1 hr 7 min", "Juravinski Hospital and Cancer Centre": "1 hr 8 min", "St. Joseph\u2019s Healthcare Hamilton, Charlton Campus": "0 hr 49 min", "West Lincoln Memorial Hospital": "1 hr 45 min", "Cambridge Memorial": "Not available", "St. Catherines (Niagara Health)": "5 hr 30 min", "Niagara Falls (Niagara Health)": "4 hr 0 min", "Welland (Niagara Health)": "3 hr 0 min", "Brantford General": "2 hr 52 min", "Oakville Trafalgar Memorial (Halton Healthcare)": "2 hr 1 min", "Milton District (Halton Healthcare)": "1 hr 55 min", "Georgetown (Halton Healthcare)": "2 hr 47 min", "Sunnybrook": "5 hr 2 min", "Markham Stouffville (Oak Valley Health)": "3 hr 0 min", "Uxbridge (Oak Valley Health)": "2 hr 0 min", "Joseph Brant Hospital, Burlington": "Not available", "Guelph General": "Not available", "Mackenzie Richmond Hill (Mackenzie Health)": "Not available", "Cortellucci Vaughan (Mackenzie Health)": "Not available", "Humber River Hospital": "Not available", "St. Josephs Health Centre (Unity) Toronto": "Not available", "St. Michaels (Unity) Toronto": "Not available", "North York General": "Not available", "Southlake": "Not available", "Queensway Carleton Hospital": "Not available", "Ottawa Civic (The Ottawa Hospital)": "Not available", "Ottawa General (The Ottawa Hospital)": "Not available"}}{"timestamp": "2025-11-24T19:25:15.080708+00:00", "data": {"Toronto General (University Health Network)": "2 hr 6 min", "Toronto Western (University Health Network)": "1 hr 20 min", "Windsor Regional Hospital - Oullette Campus": "Not available", "Windsor Regional Hospital - Metropolitan Campus": "Not available", "Timmins and District Hospital": "Not available", "West Parry Sound Hospital": "5 hr 30 min", "North Bay Regional Health Centre": "5 hr  16 min", "Georgian Bay, Midland": "Not available", "Grand River, Kitchener": "4 hr  05 min", "St. Mary\u2019s General, Kitchener": "4 hr 0 min", "Collingwood General and Marine Hospital": "5+ hr 0 min", "Stevenson Memorial Hospital (Alliston)": "4 hr 30 min", "Childrens Hospital (London Health Sciences Centre)": "2 hr 30 min", "University Hospital (London Health Sciences Centre)": "6 hr 15 min", "Victoria Hospital (London Health Sciences Centre)": "3 hr 45 min", "Oshawa (Lakeridge Health)": "1 hr 25 min to2 hr 1 min", "Ajax (Lakeridge Health)": "2 hr 42 min to4 hr 4 min", "Bowmanville (Lakeridge Health)": "1 hr 30 min to2 hr 23 min", "Port Perry (Lakeridge Health)": "2 hr 3 min to3 hr 1 min", "Etobicoke (William Osler Health System)": "1 hr 40 min", "Brampton Civic (William Osler Health System)": "Not available", "Peel Memorial Urgent Care (William Osler Health System)": "Not available", "CHEO (Childrens Hospital of Eastern Ontario)": "8 hr 08 min", "King Campus Urgent Care, St. Joseph\u2019s Healthcare Hamilton": "1 hr 13 min", "West End Urgent Care Centre": "1 hr 22 min", "McMaster Children\u2019s Hospital": "1 hr 4 min", "Hamilton General Hospital": "1 hr 4 min", "Juravinski Hospital and Cancer Centre": "1 hr 4 min", "St. Joseph\u2019s Healthcare Hamilton, Charlton Campus": "0 hr 51 min", "West Lincoln Memorial Hospital": "1 hr 43 min", "Cambridge Memorial": "Not available", "St. Catherines (Niagara Health)": "5 hr 30 min", "Niagara Falls (Niagara Health)": "3 hr 30 min", "Welland (Niagara Health)": "3 hr 0 min", "Brantford General": "2 hr 44 min", "Oakville Trafalgar Memorial (Halton Healthcare)": "2 hr 27 min", "Milton District (Halton Healthcare)": "1 hr 58 min", "Georgetown (Halton Healthcare)": "2 hr 59 min", "Sunnybrook": "5 hr 34 min", "Markham Stouffville (Oak Valley Health)": "3 hr 30 min", "Uxbridge (Oak Valley Health)": "2 hr 0 min", "Joseph Brant Hospital, Burlington": "Not available", "Guelph General": "Not available", "Mackenzie Richmond Hill (Mackenzie Health)": "Not available", "Cortellucci Vaughan (Mackenzie Health)": "Not available", "Humber River Hospital": "Not available", "St. Josephs Health Centre (Unity) Toronto": "Not available", "St. Michaels (Unity) Toronto": "Not available", "North York General": "Not available", "Southlake": "Not available", "Queensway Carleton Hospital": "Not available", "Ottawa Civic (The Ottawa Hospital)": "Not available", "Ottawa General (The Ottawa Hospital)": "Not available"}}{"timestamp": "2025-11-24T19:34:46.309983+00:00", "data": {"Toronto General (University Health Network)": "2 hr 7 min", "Toronto Western (University Health Network)": "1 hr 33 min", "Windsor Regional Hospital - Oullette Campus": "Not available", "Windsor Regional Hospital - Metropolitan Campus": "Not available", "Timmins and District Hospital": "Not available", "West Parry Sound Hospital": "5 hr 0 min", "North Bay Regional Health Centre": "5 hr  21 min", "Georgian Bay, Midland": "Not available", "Grand River, Kitchener": "4 hr  20 min", "St. Mary\u2019s General, Kitchener": "4 hr 0 min", "Collingwood General and Marine Hospital": "5+ hr 0 min", "Stevenson Memorial Hospital (Alliston)": "4 hr 30 min", "Childrens Hospital (London Health Sciences Centre)": "2 hr 30 min", "University Hospital (London Health Sciences Centre)": "6 hr 15 min", "Victoria Hospital (London Health Sciences Centre)": "3 hr 45 min", "Oshawa (Lakeridge Health)": "1 hr 25 min to2 hr 1 min", "Ajax (Lakeridge Health)": "2 hr 42 min to4 hr 4 min", "Bowmanville (Lakeridge Health)": "1 hr 30 min to2 hr 23 min", "Port Perry (Lakeridge Health)": "2 hr 3 min to3 hr 1 min", "Etobicoke (William Osler Health System)": "1 hr 40 min", "Brampton Civic (William Osler Health System)": "Not available", "Peel Memorial Urgent Care (William Osler Health System)": "Not available", "CHEO (Childrens Hospital of Eastern Ontario)": "8 hr 08 min", "King Campus Urgent Care, St. Joseph\u2019s Healthcare Hamilton": "1 hr 13 min", "West End Urgent Care Centre": "1 hr 27 min", "McMaster Children\u2019s Hospital": "1 hr 6 min", "Hamilton General Hospital": "1 hr 11 min", "Juravinski Hospital and Cancer Centre": "1 hr 4 min", "St. Joseph\u2019s Healthcare Hamilton, Charlton Campus": "0 hr 51 min", "West Lincoln Memorial Hospital": "1 hr 43 min", "Cambridge Memorial": "Not available", "St. Catherines (Niagara Health)": "5 hr 30 min", "Niagara Falls (Niagara Health)": "3 hr 30 min", "Welland (Niagara Health)": "2 hr 30 min", "Brantford General": "2 hr 55 min", "Oakville Trafalgar Memorial (Halton Healthcare)": "2 hr 40 min", "Milton District (Halton Healthcare)": "1 hr 34 min", "Georgetown (Halton Healthcare)": "3 hr 14 min", "Sunnybrook": "5 hr 34 min", "Markham Stouffville (Oak Valley Health)": "3 hr 30 min", "Uxbridge (Oak Valley Health)": "2 hr 0 min", "Joseph Brant Hospital, Burlington": "Not available", "Guelph General": "Not available", "Mackenzie Richmond Hill (Mackenzie Health)": "Not available", "Cortellucci Vaughan (Mackenzie Health)": "Not available", "Humber River Hospital": "Not available", "St. Josephs Health Centre (Unity) Toronto": "Not available", "St. Michaels (Unity) Toronto": "Not available", "North York General": "Not available", "Southlake": "Not available", "Queensway Carleton Hospital": "Not available", "Ottawa Civic (The Ottawa Hospital)": "Not available", "Ottawa General (The Ottawa Hospital)": "Not available"}}{"timestamp": "2025-11-24T20:35:16.613827+00:00", "data": {"Toronto General (University Health Network)": "2 hr 9 min", "Toronto Western (University Health Network)": "2 hr 18 min", "Windsor Regional Hospital - Oullette Campus": "Not available", "Windsor Regional Hospital - Metropolitan Campus": "Not available", "Timmins and District Hospital": "Not available", "West Parry Sound Hospital": "5 hr 30 min", "North Bay Regional Health Centre": "5 hr  25 min", "Georgian Bay, Midland": "Not available", "Grand River, Kitchener": "5 hr  20 min", "St. Mary\u2019s General, Kitchener": "4 hr 30 min", "Collingwood General and Marine Hospital": "4 hr 0 min", "Stevenson Memorial Hospital (Alliston)": "4 hr 30 min", "Childrens Hospital (London Health Sciences Centre)": "3 hr 30 min", "University Hospital (London Health Sciences Centre)": "7 hr 15 min", "Victoria Hospital (London Health Sciences Centre)": "4 hr 45 min", "Oshawa (Lakeridge Health)": "1 hr 40 min to2 hr 26 min", "Ajax (Lakeridge Health)": "3 hr 8 min to4 hr 18 min", "Bowmanville (Lakeridge Health)": "1 hr 44 min to2 hr 41 min", "Port Perry (Lakeridge Health)": "2 hr 42 min to3 hr 35 min", "Etobicoke (William Osler Health System)": "Not available", "Brampton Civic (William Osler Health System)": "Not available", "Peel Memorial Urgent Care (William Osler Health System)": "Not available", "CHEO (Childrens Hospital of Eastern Ontario)": "7 hr 32 min", "King Campus Urgent Care, St. Joseph\u2019s Healthcare Hamilton": "1 hr 21 min", "West End Urgent Care Centre": "1 hr 32 min", "McMaster Children\u2019s Hospital": "1 hr 24 min", "Hamilton General Hospital": "1 hr 24 min", "Juravinski Hospital and Cancer Centre": "1 hr 24 min", "St. Joseph\u2019s Healthcare Hamilton, Charlton Campus": "0 hr 57 min", "West Lincoln Memorial Hospital": "2 hr 10 min", "Cambridge Memorial": "Not available", "St. Catherines (Niagara Health)": "6 hr 0 min", "Niagara Falls (Niagara Health)": "3 hr 30 min", "Welland (Niagara Health)": "2 hr 30 min", "Brantford General": "3 hr 11 min", "Oakville Trafalgar Memorial (Halton Healthcare)": "2 hr 56 min", "Milton District (Halton Healthcare)": "1 hr 55 min", "Georgetown (Halton Healthcare)": "2 hr 35 min", "Sunnybrook": "6 hr 31 min", "Markham Stouffville (Oak Valley Health)": "3 hr 0 min", "Uxbridge (Oak Valley Health)": "2 hr 0 min", "Joseph Brant Hospital, Burlington": "Not available", "Guelph General": "Not available", "Mackenzie Richmond Hill (Mackenzie Health)": "Not available", "Cortellucci Vaughan (Mackenzie Health)": "Not available", "Humber River Hospital": "Not available", "St. Josephs Health Centre (Unity) Toronto": "Not available", "St. Michaels (Unity) Toronto": "Not available", "North York General": "Not available", "Southlake": "Not available", "Queensway Carleton Hospital": "Not available", "Ottawa Civic (The Ottawa Hospital)": "Not available", "Ottawa General (The Ottawa Hospital)": "Not available"}}{"timestamp": "2025-11-24T20:50:10.424074+00:00", "data": {"Toronto General (University Health Network)": "2 hr 9 min", "Toronto Western (University Health Network)": "2 hr 18 min", "Windsor Regional Hospital - Oullette Campus": "Not available", "Windsor Regional Hospital - Metropolitan Campus": "Not available", "Timmins and District Hospital": "Not available", "West Parry Sound Hospital": "6 hr 0 min", "North Bay Regional Health Centre": "5 hr  27 min", "Georgian Bay, Midland": "Not available", "Grand River, Kitchener": "5 hr  35 min", "St. Mary\u2019s General, Kitchener": "4 hr 30 min", "Collingwood General and Marine Hospital": "3 hr 0 min", "Stevenson Memorial Hospital (Alliston)": "5 hr 0 min", "Childrens Hospital (London Health Sciences Centre)": "3 hr 45 min", "University Hospital (London Health Sciences Centre)": "7 hr 30 min", "Victoria Hospital (London Health Sciences Centre)": "5 hr 0 min", "Oshawa (Lakeridge Health)": "1 hr 41 min to2 hr 31 min", "Ajax (Lakeridge Health)": "3 hr 10 min to4 hr 30 min", "Bowmanville (Lakeridge Health)": "1 hr 50 min to2 hr 40 min", "Port Perry (Lakeridge Health)": "2 hr 44 min to3 hr 43 min", "Etobicoke (William Osler Health System)": "1 hr 30 min", "Brampton Civic (William Osler Health System)": "Not available", "Peel Memorial Urgent Care (William Osler Health System)": "Not available", "CHEO (Childrens Hospital of Eastern Ontario)": "7 hr 32 min", "King Campus Urgent Care, St. Joseph\u2019s Healthcare Hamilton": "1 hr 21 min", "West End Urgent Care Centre": "1 hr 33 min", "McMaster Children\u2019s Hospital": "1 hr 33 min", "Hamilton General Hospital": "1 hr 25 min", "Juravinski Hospital and Cancer Centre": "1 hr 28 min", "St. Joseph\u2019s Healthcare Hamilton, Charlton Campus": "0 hr 57 min", "West Lincoln Memorial Hospital": "2 hr 10 min", "Cambridge Memorial": "Not available", "St. Catherines (Niagara Health)": "6 hr 30 min", "Niagara Falls (Niagara Health)": "3 hr 30 min", "Welland (Niagara Health)": "2 hr 30 min", "Brantford General": "2 hr 49 min", "Oakville Trafalgar Memorial (Halton Healthcare)": "2 hr 48 min", "Milton District (Halton Healthcare)": "2 hr 8 min", "Georgetown (Halton Healthcare)": "2 hr 22 min", "Sunnybrook": "5 hr 59 min", "Markham Stouffville (Oak Valley Health)": "3 hr 0 min", "Uxbridge (Oak Valley Health)": "2 hr 0 min", "Joseph Brant Hospital, Burlington": "Not available", "Guelph General": "Not available", "Mackenzie Richmond Hill (Mackenzie Health)": "Not available", "Cortellucci Vaughan (Mackenzie Health)": "Not available", "Humber River Hospital": "Not available", "St. Josephs Health Centre (Unity) Toronto": "Not available", "St. Michaels (Unity) Toronto": "Not available", "North York General": "Not available", "Southlake": "Not available", "Queensway Carleton Hospital": "Not available", "Ottawa Civic (The Ottawa Hospital)": "Not available", "Ottawa General (The Ottawa Hospital)": "Not available"}}{"timestamp": "2025-11-24T21:24:46.634957+00:00", "data": {"Toronto General (University Health Network)": "2 hr 9 min", "Toronto Western (University Health Network)": "2 hr 18 min", "Windsor Regional Hospital - Oullette Campus": "Not available", "Windsor Regional Hospital - Metropolitan Campus": "Not available", "Timmins and District Hospital": "Not available", "West Parry Sound Hospital": "6 hr 0 min", "North Bay Regional Health Centre": "5 hr  24 min", "Georgian Bay, Midland": "Not available", "Grand River, Kitchener": "5 hr  05 min", "St. Mary\u2019s General, Kitchener": "4 hr 30 min", "Collingwood General and Marine Hospital": "3 hr 30 min", "Stevenson Memorial Hospital (Alliston)": "4 hr 0 min", "Childrens Hospital (London Health Sciences Centre)": "3 hr 0 min", "University Hospital (London Health Sciences Centre)": "8 hr 15 min", "Victoria Hospital (London Health Sciences Centre)": "5 hr 45 min", "Oshawa (Lakeridge Health)": "1 hr 48 min to2 hr 46 min", "Ajax (Lakeridge Health)": "3 hr 16 min to5 hr or more", "Bowmanville (Lakeridge Health)": "1 hr 59 min to2 hr 55 min", "Port Perry (Lakeridge Health)": "2 hr 58 min to3 hr 55 min", "Etobicoke (William Osler Health System)": "1 hr 42 min", "Brampton Civic (William Osler Health System)": "Not available", "Peel Memorial Urgent Care (William Osler Health System)": "Not available", "CHEO (Childrens Hospital of Eastern Ontario)": "7 hr 11 min", "King Campus Urgent Care, St. Joseph\u2019s Healthcare Hamilton": "1 hr 28 min", "West End Urgent Care Centre": "1 hr 39 min", "McMaster Children\u2019s Hospital": "1 hr 42 min", "Hamilton General Hospital": "1 hr 28 min", "Juravinski Hospital and Cancer Centre": "1 hr 36 min", "St. Joseph\u2019s Healthcare Hamilton, Charlton Campus": "1 hr 5 min", "West Lincoln Memorial Hospital": "2 hr 17 min", "Cambridge Memorial": "Not available", "St. Catherines (Niagara Health)": "7 hr 0 min", "Niagara Falls (Niagara Health)": "3 hr 0 min", "Welland (Niagara Health)": "2 hr 30 min", "Brantford General": "3 hr 3 min", "Oakville Trafalgar Memorial (Halton Healthcare)": "2 hr 53 min", "Milton District (Halton Healthcare)": "2 hr 34 min", "Georgetown (Halton Healthcare)": "2 hr 50 min", "Sunnybrook": "6 hr 39 min", "Markham Stouffville (Oak Valley Health)": "3 hr 0 min", "Uxbridge (Oak Valley Health)": "4 hr 30 min", "Joseph Brant Hospital, Burlington": "Not available", "Guelph General": "Not available", "Mackenzie Richmond Hill (Mackenzie Health)": "Not available", "Cortellucci Vaughan (Mackenzie Health)": "Not available", "Humber River Hospital": "Not available", "St. Josephs Health Centre (Unity) Toronto": "Not available", "St. Michaels (Unity) Toronto": "Not available", "North York General": "Not available", "Southlake": "Not available", "Queensway Carleton Hospital": "Not available", "Ottawa Civic (The Ottawa Hospital)": "Not available", "Ottawa General (The Ottawa Hospital)": "Not available"}}{"timestamp": "2025-11-24T21:49:45.908071+00:00", "data": {"Toronto General (University Health Network)": "2 hr 10 min", "Toronto Western (University Health Network)": "2 hr 57 min", "Windsor Regional Hospital - Oullette Campus": "Not available", "Windsor Regional Hospital - Metropolitan Campus": "Not available", "Timmins and District Hospital": "Not available", "West Parry Sound Hospital": "5 hr 0 min", "North Bay Regional Health Centre": "4 hr  44 min", "Georgian Bay, Midland": "Not available", "Grand River, Kitchener": "5 hr  31 min", "St. Mary\u2019s General, Kitchener": "4 hr 30 min", "Collingwood General and Marine Hospital": "3 hr 30 min", "Stevenson Memorial Hospital (Alliston)": "4 hr 0 min", "Childrens Hospital (London Health Sciences Centre)": "2 hr 0 min", "University Hospital (London Health Sciences Centre)": "6 hr 45 min", "Victoria Hospital (London Health Sciences Centre)": "6 hr 0 min", "Oshawa (Lakeridge Health)": "1 hr 50 min to2 hr 49 min", "Ajax (Lakeridge Health)": "3 hr 17 min to5 hr or more", "Bowmanville (Lakeridge Health)": "2 hr 1 min to3 hr 1 min", "Port Perry (Lakeridge Health)": "3 hr 1 min to3 hr 58 min", "Etobicoke (William Osler Health System)": "1 hr 42 min", "Brampton Civic (William Osler Health System)": "Not available", "Peel Memorial Urgent Care (William Osler Health System)": "Not available", "CHEO (Childrens Hospital of Eastern Ontario)": "7 hr 11 min", "King Campus Urgent Care, St. Joseph\u2019s Healthcare Hamilton": "1 hr 31 min", "West End Urgent Care Centre": "1 hr 53 min", "McMaster Children\u2019s Hospital": "1 hr 49 min", "Hamilton General Hospital": "1 hr 39 min", "Juravinski Hospital and Cancer Centre": "1 hr 44 min", "St. Joseph\u2019s Healthcare Hamilton, Charlton Campus": "1 hr 6 min", "West Lincoln Memorial Hospital": "2 hr 31 min", "Cambridge Memorial": "Not available", "St. Catherines (Niagara Health)": "7 hr 30 min", "Niagara Falls (Niagara Health)": "3 hr 0 min", "Welland (Niagara Health)": "2 hr 30 min", "Brantford General": "2 hr 49 min", "Oakville Trafalgar Memorial (Halton Healthcare)": "3 hr 7 min", "Milton District (Halton Healthcare)": "2 hr 43 min", "Georgetown (Halton Healthcare)": "3 hr 18 min", "Sunnybrook": "6 hr 4 min", "Markham Stouffville (Oak Valley Health)": "3 hr 30 min", "Uxbridge (Oak Valley Health)": "1 hr 30 min", "Joseph Brant Hospital, Burlington": "Not available", "Guelph General": "Not available", "Mackenzie Richmond Hill (Mackenzie Health)": "Not available", "Cortellucci Vaughan (Mackenzie Health)": "Not available", "Humber River Hospital": "Not available", "St. Josephs Health Centre (Unity) Toronto": "Not available", "St. Michaels (Unity) Toronto": "Not available", "North York General": "Not available", "Southlake": "Not available", "Queensway Carleton Hospital": "Not available", "Ottawa Civic (The Ottawa Hospital)": "Not available", "Ottawa General (The Ottawa Hospital)": "Not available"}}{"timestamp": "2025-11-24T22:25:05.357527+00:00", "data": {"Toronto General (University Health Network)": "2 hr 10 min", "Toronto Western (University Health Network)": "2 hr 57 min", "Windsor Regional Hospital - Oullette Campus": "Not available", "Windsor Regional Hospital - Metropolitan Campus": "Not available", "Timmins and District Hospital": "Not available", "West Parry Sound Hospital": "5 hr 30 min", "North Bay Regional Health Centre": "4 hr  12 min", "Georgian Bay, Midland": "Not available", "Grand River, Kitchener": "6 hr  01 min", "St. Mary\u2019s General, Kitchener": "5+ hr 0 min", "Collingwood General and Marine Hospital": "3 hr 30 min", "Stevenson Memorial Hospital (Alliston)": "4 hr 0 min", "Childrens Hospital (London Health Sciences Centre)": "2 hr 45 min", "University Hospital (London Health Sciences Centre)": "4 hr 45 min", "Victoria Hospital (London Health Sciences Centre)": "6 hr 45 min", "Oshawa (Lakeridge Health)": "1 hr 52 min to2 hr 56 min", "Ajax (Lakeridge Health)": "3 hr 50 min to5 hr or more", "Bowmanville (Lakeridge Health)": "2 hr 14 min to3 hr 18 min", "Port Perry (Lakeridge Health)": "3 hr 2 min to4 hr 6 min", "Etobicoke (William Osler Health System)": "2 hr 9 min", "Brampton Civic (William Osler Health System)": "Not available", "Peel Memorial Urgent Care (William Osler Health System)": "Not available", "CHEO (Childrens Hospital of Eastern Ontario)": "13 hr 10 min", "King Campus Urgent Care, St. Joseph\u2019s Healthcare Hamilton": "1 hr 33 min", "West End Urgent Care Centre": "1 hr 57 min", "McMaster Children\u2019s Hospital": "1 hr 57 min", "Hamilton General Hospital": "1 hr 50 min", "Juravinski Hospital and Cancer Centre": "1 hr 47 min", "St. Joseph\u2019s Healthcare Hamilton, Charlton Campus": "1 hr 11 min", "West Lincoln Memorial Hospital": "2 hr 40 min", "Cambridge Memorial": "Not available", "St. Catherines (Niagara Health)": "8 hr 0 min", "Niagara Falls (Niagara Health)": "3 hr 30 min", "Welland (Niagara Health)": "2 hr 30 min", "Brantford General": "1 hr 45 min", "Oakville Trafalgar Memorial (Halton Healthcare)": "3 hr 12 min", "Milton District (Halton Healthcare)": "2 hr 32 min", "Georgetown (Halton Healthcare)": "3 hr 40 min", "Sunnybrook": "6 hr 34 min", "Markham Stouffville (Oak Valley Health)": "3 hr 30 min", "Uxbridge (Oak Valley Health)": "2 hr 0 min", "Joseph Brant Hospital, Burlington": "Not available", "Guelph General": "Not available", "Mackenzie Richmond Hill (Mackenzie Health)": "Not available", "Cortellucci Vaughan (Mackenzie Health)": "Not available", "Humber River Hospital": "Not available", "St. Josephs Health Centre (Unity) Toronto": "Not available", "St. Michaels (Unity) Toronto": "Not available", "North York General": "Not available", "Southlake": "Not available", "Queensway Carleton Hospital": "Not available", "Ottawa Civic (The Ottawa Hospital)": "Not available", "Ottawa General (The Ottawa Hospital)": "Not available"}}{"timestamp": "2025-11-24T22:49:38.407254+00:00", "data": {"Toronto General (University Health Network)": "2 hr 15 min", "Toronto Western (University Health Network)": "3 hr 15 min", "Windsor Regional Hospital - Oullette Campus": "Not available", "Windsor Regional Hospital - Metropolitan Campus": "Not available", "Timmins and District Hospital": "Not available", "West Parry Sound Hospital": "5 hr 30 min", "North Bay Regional Health Centre": "4 hr  15 min", "Georgian Bay, Midland": "Not available", "Grand River, Kitchener": "6 hr  31 min", "St. Mary\u2019s General, Kitchener": "5 hr 0 min", "Collingwood General and Marine Hospital": "4 hr 30 min", "Stevenson Memorial Hospital (Alliston)": "4 hr 30 min", "Childrens Hospital (London Health Sciences Centre)": "3 hr 0 min", "University Hospital (London Health Sciences Centre)": "5 hr 0 min", "Victoria Hospital (London Health Sciences Centre)": "7 hr 0 min", "Oshawa (Lakeridge Health)": "1 hr 56 min to2 hr 59 min", "Ajax (Lakeridge Health)": "3 hr 59 min to5 hr or more", "Bowmanville (Lakeridge Health)": "2 hr 14 min to3 hr 16 min", "Port Perry (Lakeridge Health)": "3 hr 3 min to4 hr 6 min", "Etobicoke (William Osler Health System)": "2 hr 14 min", "Brampton Civic (William Osler Health System)": "Not available", "Peel Memorial Urgent Care (William Osler Health System)": "Not available", "CHEO (Childrens Hospital of Eastern Ontario)": "13 hr 10 min", "King Campus Urgent Care, St. Joseph\u2019s Healthcare Hamilton": "1 hr 32 min", "West End Urgent Care Centre": "2 hr 3 min", "McMaster Children\u2019s Hospital": "2 hr 19 min", "Hamilton General Hospital": "1 hr 59 min", "Juravinski Hospital and Cancer Centre": "2 hr 1 min", "St. Joseph\u2019s Healthcare Hamilton, Charlton Campus": "1 hr 11 min", "West Lincoln Memorial Hospital": "3 hr 5 min", "Cambridge Memorial": "Not available", "St. Catherines (Niagara Health)": "8 hr 0 min", "Niagara Falls (Niagara Health)": "2 hr 30 min", "Welland (Niagara Health)": "2 hr 30 min", "Brantford General": "2 hr 11 min", "Oakville Trafalgar Memorial (Halton Healthcare)": "3 hr 12 min", "Milton District (Halton Healthcare)": "2 hr 2 min", "Georgetown (Halton Healthcare)": "3 hr 23 min", "Sunnybrook": "6 hr 17 min", "Markham Stouffville (Oak Valley Health)": "3 hr 0 min", "Uxbridge (Oak Valley Health)": "1 hr 30 min", "Joseph Brant Hospital, Burlington": "Not available", "Guelph General": "Not available", "Mackenzie Richmond Hill (Mackenzie Health)": "Not available", "Cortellucci Vaughan (Mackenzie Health)": "Not available", "Humber River Hospital": "Not available", "St. Josephs Health Centre (Unity) Toronto": "Not available", "St. Michaels (Unity) Toronto": "Not available", "North York General": "Not available", "Southlake": "Not available", "Queensway Carleton Hospital": "Not available", "Ottawa Civic (The Ottawa Hospital)": "Not available", "Ottawa General (The Ottawa Hospital)": "Not available"}}{"timestamp": "2025-11-24T23:09:40.675369+00:00", "data": {"Toronto General (University Health Network)": "2 hr 15 min", "Toronto Western (University Health Network)": "3 hr 15 min", "Windsor Regional Hospital - Oullette Campus": "Not available", "Windsor Regional Hospital - Metropolitan Campus": "Not available", "Timmins and District Hospital": "Not available", "West Parry Sound Hospital": "4 hr 30 min", "North Bay Regional Health Centre": "4 hr  11 min", "Georgian Bay, Midland": "Not available", "Grand River, Kitchener": "6 hr  01 min", "St. Mary\u2019s General, Kitchener": "5+ hr 0 min", "Collingwood General and Marine Hospital": "4 hr 30 min", "Stevenson Memorial Hospital (Alliston)": "4 hr 0 min", "Childrens Hospital (London Health Sciences Centre)": "3 hr 30 min", "University Hospital (London Health Sciences Centre)": "5 hr 30 min", "Victoria Hospital (London Health Sciences Centre)": "7 hr 30 min", "Oshawa (Lakeridge Health)": "2 hr 0 min to3 hr 0 min", "Ajax (Lakeridge Health)": "4 hr 14 min to5 hr or more", "Bowmanville (Lakeridge Health)": "2 hr 20 min to3 hr 15 min", "Port Perry (Lakeridge Health)": "3 hr 7 min to4 hr 6 min", "Etobicoke (William Osler Health System)": "2 hr 16 min", "Brampton Civic (William Osler Health System)": "Not available", "Peel Memorial Urgent Care (William Osler Health System)": "Not available", "CHEO (Childrens Hospital of Eastern Ontario)": "14 hr 15 min", "King Campus Urgent Care, St. Joseph\u2019s Healthcare Hamilton": "1 hr 30 min", "West End Urgent Care Centre": "2 hr 7 min", "McMaster Children\u2019s Hospital": "2 hr 37 min", "Hamilton General Hospital": "2 hr 4 min", "Juravinski Hospital and Cancer Centre": "2 hr 5 min", "St. Joseph\u2019s Healthcare Hamilton, Charlton Campus": "1 hr 11 min", "West Lincoln Memorial Hospital": "3 hr 10 min", "Cambridge Memorial": "Not available", "St. Catherines (Niagara Health)": "8 hr 0 min", "Niagara Falls (Niagara Health)": "3 hr 0 min", "Welland (Niagara Health)": "3 hr 0 min", "Brantford General": "2 hr 1 min", "Oakville Trafalgar Memorial (Halton Healthcare)": "3 hr 2 min", "Milton District (Halton Healthcare)": "1 hr 19 min", "Georgetown (Halton Healthcare)": "3 hr 13 min", "Sunnybrook": "6 hr 17 min", "Markham Stouffville (Oak Valley Health)": "2 hr 30 min", "Uxbridge (Oak Valley Health)": "1 hr 30 min", "Joseph Brant Hospital, Burlington": "Not available", "Guelph General": "Not available", "Mackenzie Richmond Hill (Mackenzie Health)": "Not available", "Cortellucci Vaughan (Mackenzie Health)": "Not available", "Humber River Hospital": "Not available", "St. Josephs Health Centre (Unity) Toronto": "Not available", "St. Michaels (Unity) Toronto": "Not available", "North York General": "Not available", "Southlake": "Not available", "Queensway Carleton Hospital": "Not available", "Ottawa Civic (The Ottawa Hospital)": "Not available", "Ottawa General (The Ottawa Hospital)": "Not available"}}{"timestamp": "2025-11-24T23:25:09.986811+00:00", "data": {"Toronto General (University Health Network)": "2 hr 15 min", "Toronto Western (University Health Network)": "3 hr 15 min", "Windsor Regional Hospital - Oullette Campus": "Not available", "Windsor Regional Hospital - Metropolitan Campus": "Not available", "Timmins and District Hospital": "Not available", "West Parry Sound Hospital": "4 hr 30 min", "North Bay Regional Health Centre": "4 hr  9 min", "Georgian Bay, Midland": "Not available", "Grand River, Kitchener": "5 hr  54 min", "St. Mary\u2019s General, Kitchener": "5+ hr 0 min", "Collingwood General and Marine Hospital": "5 hr 0 min", "Stevenson Memorial Hospital (Alliston)": "4 hr 0 min", "Childrens Hospital (London Health Sciences Centre)": "3 hr 45 min", "University Hospital (London Health Sciences Centre)": "5 hr 45 min", "Victoria Hospital (London Health Sciences Centre)": "7 hr 45 min", "Oshawa (Lakeridge Health)": "2 hr 2 min to3 hr 1 min", "Ajax (Lakeridge Health)": "4 hr 27 min to5 hr or more", "Bowmanville (Lakeridge Health)": "2 hr 20 min to3 hr 11 min", "Port Perry (Lakeridge Health)": "3 hr 9 min to4 hr 6 min", "Etobicoke (William Osler Health System)": "2 hr 16 min", "Brampton Civic (William Osler Health System)": "Not available", "Peel Memorial Urgent Care (William Osler Health System)": "Not available", "CHEO (Childrens Hospital of Eastern Ontario)": "14 hr 15 min", "King Campus Urgent Care, St. Joseph\u2019s Healthcare Hamilton": "1 hr 28 min", "West End Urgent Care Centre": "2 hr 9 min", "McMaster Children\u2019s Hospital": "2 hr 42 min", "Hamilton General Hospital": "2 hr 13 min", "Juravinski Hospital and Cancer Centre": "2 hr 9 min", "St. Joseph\u2019s Healthcare Hamilton, Charlton Campus": "1 hr 10 min", "West Lincoln Memorial Hospital": "3 hr 11 min", "Cambridge Memorial": "Not available", "St. Catherines (Niagara Health)": "8 hr 0 min", "Niagara Falls (Niagara Health)": "3 hr 0 min", "Welland (Niagara Health)": "3 hr 0 min", "Brantford General": "2 hr 4 min", "Oakville Trafalgar Memorial (Halton Healthcare)": "2 hr 46 min", "Milton District (Halton Healthcare)": "1 hr 17 min", "Georgetown (Halton Healthcare)": "3 hr 14 min", "Sunnybrook": "6 hr 23 min", "Markham Stouffville (Oak Valley Health)": "2 hr 30 min", "Uxbridge (Oak Valley Health)": "1 hr 30 min", "Joseph Brant Hospital, Burlington": "Not available", "Guelph General": "Not available", "Mackenzie Richmond Hill (Mackenzie Health)": "Not available", "Cortellucci Vaughan (Mackenzie Health)": "Not available", "Humber River Hospital": "Not available", "St. Josephs Health Centre (Unity) Toronto": "Not available", "St. Michaels (Unity) Toronto": "Not available", "North York General": "Not available", "Southlake": "Not available", "Queensway Carleton Hospital": "Not available", "Ottawa Civic (The Ottawa Hospital)": "Not available", "Ottawa General (The Ottawa Hospital)": "Not available"}}{"timestamp": "2025-11-24T23:50:36.911648+00:00", "data": {"Toronto General (University Health Network)": "2 hr 22 min", "Toronto Western (University Health Network)": "3 hr 35 min", "Windsor Regional Hospital - Oullette Campus": "Not available", "Windsor Regional Hospital - Metropolitan Campus": "Not available", "Timmins and District Hospital": "Not available", "West Parry Sound Hospital": "4 hr 30 min", "North Bay Regional Health Centre": "3 hr  29 min", "Georgian Bay, Midland": "Not available", "Grand River, Kitchener": "7 hr  41 min", "St. Mary\u2019s General, Kitchener": "5+ hr 0 min", "Collingwood General and Marine Hospital": "5+ hr 0 min", "Stevenson Memorial Hospital (Alliston)": "4 hr 0 min", "Childrens Hospital (London Health Sciences Centre)": "4 hr 0 min", "University Hospital (London Health Sciences Centre)": "6 hr 0 min", "Victoria Hospital (London Health Sciences Centre)": "8 hr 0 min", "Oshawa (Lakeridge Health)": "2 hr 3 min to2 hr 58 min", "Ajax (Lakeridge Health)": "4 hr 42 min to5 hr or more", "Bowmanville (Lakeridge Health)": "2 hr 19 min to3 hr 10 min", "Port Perry (Lakeridge Health)": "3 hr 17 min to4 hr 2 min", "Etobicoke (William Osler Health System)": "2 hr 14 min", "Brampton Civic (William Osler Health System)": "Not available", "Peel Memorial Urgent Care (William Osler Health System)": "Not available", "CHEO (Childrens Hospital of Eastern Ontario)": "14 hr 15 min", "King Campus Urgent Care, St. Joseph\u2019s Healthcare Hamilton": "1 hr 27 min", "West End Urgent Care Centre": "2 hr 12 min", "McMaster Children\u2019s Hospital": "2 hr 45 min", "Hamilton General Hospital": "2 hr 14 min", "Juravinski Hospital and Cancer Centre": "2 hr 23 min", "St. Joseph\u2019s Healthcare Hamilton, Charlton Campus": "1 hr 11 min", "West Lincoln Memorial Hospital": "3 hr 14 min", "Cambridge Memorial": "Not available", "St. Catherines (Niagara Health)": "7 hr 30 min", "Niagara Falls (Niagara Health)": "2 hr 0 min", "Welland (Niagara Health)": "3 hr 0 min", "Brantford General": "2 hr 19 min", "Oakville Trafalgar Memorial (Halton Healthcare)": "2 hr 35 min", "Milton District (Halton Healthcare)": "1 hr 34 min", "Georgetown (Halton Healthcare)": "3 hr 4 min", "Sunnybrook": "6 hr 19 min", "Markham Stouffville (Oak Valley Health)": "2 hr 0 min", "Uxbridge (Oak Valley Health)": "1 hr 30 min", "Joseph Brant Hospital, Burlington": "Not available", "Guelph General": "Not available", "Mackenzie Richmond Hill (Mackenzie Health)": "Not available", "Cortellucci Vaughan (Mackenzie Health)": "Not available", "Humber River Hospital": "Not available", "St. Josephs Health Centre (Unity) Toronto": "Not available", "St. Michaels (Unity) Toronto": "Not available", "North York General": "Not available", "Southlake": "Not available", "Queensway Carleton Hospital": "Not available", "Ottawa Civic (The Ottawa Hospital)": "Not available", "Ottawa General (The Ottawa Hospital)": "Not available"}}