{"timestamp": "2025-09-21T12:24:45.250994+00:00", "data": {"Toronto General (University Health Network)": "Not available", "Toronto Western (University Health Network)": "Not available", "Windsor Regional Hospital - Oullette Campus": "Not available", "Windsor Regional Hospital - Metropolitan Campus": "Not available", "Timmins and District Hospital": "Not available", "West Parry Sound Hospital": "3 hr 30 min", "North Bay Regional Health Centre": "7 hr  0 min", "Georgian Bay, Midland": "2 hr 30 min", "Grand River, Kitchener": "8 hr  30 min", "St. Mary\u2019s General, Kitchener": "5+ hr 0 min", "Collingwood General and Marine Hospital": "1 hr 0 min", "Stevenson Memorial Hospital (Alliston)": "2 hr 30 min", "Childrens Hospital (London Health Sciences Centre)": "0 hr 30 min", "University Hospital (London Health Sciences Centre)": "4 hr 15 min", "Victoria Hospital (London Health Sciences Centre)": "", "Oshawa (Lakeridge Health)": "1 hr 20 min to2 hr 26 min", "Ajax (Lakeridge Health)": "1 hr 26 min to2 hr 2 min", "Bowmanville (Lakeridge Health)": "2 hr 45 min to5 hr or more", "Port Perry (Lakeridge Health)": "1 hr 17 min to1 hr 28 min", "Etobicoke (William Osler Health System)": "0 hr 40 min", "Brampton Civic (William Osler Health System)": "0 hr 54 min", "Peel Memorial Urgent Care (William Osler Health System)": "Not available", "CHEO (Childrens Hospital of Eastern Ontario)": "5 hr 57 min", "West End Urgent Care Centre": "Closed until 10:00 AM", "King Campus Urgent Care, St. Joseph\u2019s Healthcare Hamilton": "0 hr 0 min", "McMaster Children\u2019s Hospital": "0 hr 23 min", "Hamilton General Hospital": "4 hr 32 min", "Juravinski Hospital and Cancer Centre": "0 hr 35 min", "St. Joseph\u2019s Healthcare Hamilton, Charlton Campus": "1 hr 39 min", "West Lincoln Memorial Hospital": "1 hr 9 min", "Cambridge Memorial": "Not available", "St. Catherines (Niagara Health)": "3 hr 0 min", "Niagara Falls (Niagara Health)": "0 hr 30 min", "Welland (Niagara Health)": "2 hr 30 min", "Brantford General": "2 hr 41 min", "Oakville Trafalgar Memorial (Halton Healthcare)": "1 hr 10 min", "Milton District (Halton Healthcare)": "2 hr 58 min", "Georgetown (Halton Healthcare)": "1 hr 34 min", "Sunnybrook": "2 hr 59 min", "Markham Stouffville (Oak Valley Health)": "1 hr 0 min", "Uxbridge (Oak Valley Health)": "1 hr 30 min", "Joseph Brant Hospital, Burlington": "Not available", "Guelph General": "Not available", "Mackenzie Richmond Hill (Mackenzie Health)": "Not available", "Cortellucci Vaughan (Mackenzie Health)": "Not available", "Humber River Hospital": "Not available", "St. Josephs Health Centre (Unity) Toronto": "Not available", "St. Michaels (Unity) Toronto": "Not available", "North York General": "Not available", "Southlake": "Not available", "Queensway Carleton Hospital": "Not available", "Ottawa Civic (The Ottawa Hospital)": "Not available", "Ottawa General (The Ottawa Hospital)": "Not available"}}{"timestamp": "2025-09-21T12:34:39.925865+00:00", "data": {"Toronto General (University Health Network)": "Not available", "Toronto Western (University Health Network)": "Not available", "Windsor Regional Hospital - Oullette Campus": "Not available", "Windsor Regional Hospital - Metropolitan Campus": "Not available", "Timmins and District Hospital": "Not available", "West Parry Sound Hospital": "3 hr 30 min", "North Bay Regional Health Centre": "7 hr  58 min", "Georgian Bay, Midland": "3 hr 0 min", "Grand River, Kitchener": "8 hr  45 min", "St. Mary\u2019s General, Kitchener": "5+ hr 0 min", "Collingwood General and Marine Hospital": "1 hr 30 min", "Stevenson Memorial Hospital (Alliston)": "3 hr 0 min", "Childrens Hospital (London Health Sciences Centre)": "0 hr 30 min", "University Hospital (London Health Sciences Centre)": "4 hr 15 min", "Victoria Hospital (London Health Sciences Centre)": "", "Oshawa (Lakeridge Health)": "1 hr 20 min to2 hr 26 min", "Ajax (Lakeridge Health)": "1 hr 26 min to2 hr 2 min", "Bowmanville (Lakeridge Health)": "2 hr 45 min to5 hr or more", "Port Perry (Lakeridge Health)": "1 hr 17 min to1 hr 28 min", "Etobicoke (William Osler Health System)": "0 hr 40 min", "Brampton Civic (William Osler Health System)": "0 hr 54 min", "Peel Memorial Urgent Care (William Osler Health System)": "Not available", "CHEO (Childrens Hospital of Eastern Ontario)": "5 hr 57 min", "West End Urgent Care Centre": "Closed until 10:00 AM", "King Campus Urgent Care, St. Joseph\u2019s Healthcare Hamilton": "0 hr 9 min", "McMaster Children\u2019s Hospital": "0 hr 16 min", "Hamilton General Hospital": "4 hr 47 min", "Juravinski Hospital and Cancer Centre": "0 hr 35 min", "St. Joseph\u2019s Healthcare Hamilton, Charlton Campus": "1 hr 39 min", "West Lincoln Memorial Hospital": "1 hr 9 min", "Cambridge Memorial": "Not available", "St. Catherines (Niagara Health)": "3 hr 0 min", "Niagara Falls (Niagara Health)": "0 hr 30 min", "Welland (Niagara Health)": "2 hr 30 min", "Brantford General": "2 hr 56 min", "Oakville Trafalgar Memorial (Halton Healthcare)": "1 hr 10 min", "Milton District (Halton Healthcare)": "2 hr 58 min", "Georgetown (Halton Healthcare)": "1 hr 34 min", "Sunnybrook": "2 hr 59 min", "Markham Stouffville (Oak Valley Health)": "1 hr 0 min", "Uxbridge (Oak Valley Health)": "4 hr 30 min", "Joseph Brant Hospital, Burlington": "Not available", "Guelph General": "Not available", "Mackenzie Richmond Hill (Mackenzie Health)": "Not available", "Cortellucci Vaughan (Mackenzie Health)": "Not available", "Humber River Hospital": "Not available", "St. Josephs Health Centre (Unity) Toronto": "Not available", "St. Michaels (Unity) Toronto": "Not available", "North York General": "Not available", "Southlake": "Not available", "Queensway Carleton Hospital": "Not available", "Ottawa Civic (The Ottawa Hospital)": "Not available", "Ottawa General (The Ottawa Hospital)": "Not available"}}{"timestamp": "2025-09-21T12:48:48.370189+00:00", "data": {"Toronto General (University Health Network)": "4 hr 23 min", "Toronto Western (University Health Network)": "2 hr 41 min", "Windsor Regional Hospital - Oullette Campus": "0 hr 22 min", "Windsor Regional Hospital - Metropolitan Campus": "Not available", "Timmins and District Hospital": "Not available", "West Parry Sound Hospital": "3 hr 30 min", "North Bay Regional Health Centre": "7 hr  20 min", "Georgian Bay, Midland": "3 hr 30 min", "Grand River, Kitchener": "9 hr  00 min", "St. Mary\u2019s General, Kitchener": "5+ hr 0 min", "Collingwood General and Marine Hospital": "2 hr 0 min", "Stevenson Memorial Hospital (Alliston)": "3 hr 30 min", "Childrens Hospital (London Health Sciences Centre)": "0 hr 45 min", "University Hospital (London Health Sciences Centre)": "4 hr 30 min", "Victoria Hospital (London Health Sciences Centre)": "1 hr 15 min", "Oshawa (Lakeridge Health)": "1 hr 18 min to2 hr 28 min", "Ajax (Lakeridge Health)": "1 hr 16 min to1 hr 45 min", "Bowmanville (Lakeridge Health)": "1 hr 58 min to4 hr 16 min", "Port Perry (Lakeridge Health)": "1 hr 1 min to1 hr 23 min", "Etobicoke (William Osler Health System)": "0 hr 40 min", "Brampton Civic (William Osler Health System)": "0 hr 54 min", "Peel Memorial Urgent Care (William Osler Health System)": "Not available", "CHEO (Childrens Hospital of Eastern Ontario)": "5 hr 57 min", "West End Urgent Care Centre": "Closed until 10:00 AM", "King Campus Urgent Care, St. Joseph\u2019s Healthcare Hamilton": "0 hr 14 min", "McMaster Children\u2019s Hospital": "0 hr 16 min", "Hamilton General Hospital": "4 hr 38 min", "Juravinski Hospital and Cancer Centre": "0 hr 33 min", "St. Joseph\u2019s Healthcare Hamilton, Charlton Campus": "1 hr 39 min", "West Lincoln Memorial Hospital": "1 hr 9 min", "Cambridge Memorial": "Not available", "St. Catherines (Niagara Health)": "3 hr 30 min", "Niagara Falls (Niagara Health)": "1 hr 0 min", "Welland (Niagara Health)": "3 hr 0 min", "Brantford General": "3 hr 10 min", "Oakville Trafalgar Memorial (Halton Healthcare)": "1 hr 17 min", "Milton District (Halton Healthcare)": "2 hr 37 min", "Georgetown (Halton Healthcare)": "1 hr 49 min", "Sunnybrook": "2 hr 59 min", "Markham Stouffville (Oak Valley Health)": "1 hr 0 min", "Uxbridge (Oak Valley Health)": "5+ hr 0 min", "Joseph Brant Hospital, Burlington": "Not available", "Guelph General": "Not available", "Mackenzie Richmond Hill (Mackenzie Health)": "Not available", "Cortellucci Vaughan (Mackenzie Health)": "Not available", "Humber River Hospital": "Not available", "St. Josephs Health Centre (Unity) Toronto": "Not available", "St. Michaels (Unity) Toronto": "Not available", "North York General": "Not available", "Southlake": "Not available", "Queensway Carleton Hospital": "Not available", "Ottawa Civic (The Ottawa Hospital)": "Not available", "Ottawa General (The Ottawa Hospital)": "Not available"}}{"timestamp": "2025-09-21T13:09:40.035477+00:00", "data": {"Toronto General (University Health Network)": "4 hr 23 min", "Toronto Western (University Health Network)": "2 hr 41 min", "Windsor Regional Hospital - Oullette Campus": "Not available", "Windsor Regional Hospital - Metropolitan Campus": "Not available", "Timmins and District Hospital": "Not available", "West Parry Sound Hospital": "4 hr 0 min", "North Bay Regional Health Centre": "7 hr  26 min", "Georgian Bay, Midland": "5+ hr 0 min", "Grand River, Kitchener": "9 hr  15 min", "St. Mary\u2019s General, Kitchener": "5+ hr 0 min", "Collingwood General and Marine Hospital": "2 hr 30 min", "Stevenson Memorial Hospital (Alliston)": "3 hr 30 min", "Childrens Hospital (London Health Sciences Centre)": "0 hr 30 min", "University Hospital (London Health Sciences Centre)": "5 hr 0 min", "Victoria Hospital (London Health Sciences Centre)": "1 hr 45 min", "Oshawa (Lakeridge Health)": "1 hr 15 min to2 hr 26 min", "Ajax (Lakeridge Health)": "1 hr 14 min to1 hr 44 min", "Bowmanville (Lakeridge Health)": "1 hr 27 min to3 hr 9 min", "Port Perry (Lakeridge Health)": "1 hr 1 min to1 hr 23 min", "Etobicoke (William Osler Health System)": "1 hr 7 min", "Brampton Civic (William Osler Health System)": "Not available", "Peel Memorial Urgent Care (William Osler Health System)": "Not available", "CHEO (Childrens Hospital of Eastern Ontario)": "5 hr 38 min", "West End Urgent Care Centre": "Closed until 10:00 AM", "King Campus Urgent Care, St. Joseph\u2019s Healthcare Hamilton": "0 hr 19 min", "McMaster Children\u2019s Hospital": "0 hr 22 min", "Hamilton General Hospital": "5 hr 1 min", "Juravinski Hospital and Cancer Centre": "0 hr 34 min", "St. Joseph\u2019s Healthcare Hamilton, Charlton Campus": "1 hr 30 min", "West Lincoln Memorial Hospital": "1 hr 4 min", "Cambridge Memorial": "Not available", "St. Catherines (Niagara Health)": "3 hr 30 min", "Niagara Falls (Niagara Health)": "1 hr 30 min", "Welland (Niagara Health)": "3 hr 30 min", "Brantford General": "3 hr 23 min", "Oakville Trafalgar Memorial (Halton Healthcare)": "1 hr 33 min", "Milton District (Halton Healthcare)": "2 hr 47 min", "Georgetown (Halton Healthcare)": "1 hr 15 min", "Sunnybrook": "3 hr 12 min", "Markham Stouffville (Oak Valley Health)": "1 hr 0 min", "Uxbridge (Oak Valley Health)": "3 hr 0 min", "Joseph Brant Hospital, Burlington": "Not available", "Guelph General": "Not available", "Mackenzie Richmond Hill (Mackenzie Health)": "Not available", "Cortellucci Vaughan (Mackenzie Health)": "Not available", "Humber River Hospital": "Not available", "St. Josephs Health Centre (Unity) Toronto": "Not available", "St. Michaels (Unity) Toronto": "Not available", "North York General": "Not available", "Southlake": "Not available", "Queensway Carleton Hospital": "Not available", "Ottawa Civic (The Ottawa Hospital)": "Not available", "Ottawa General (The Ottawa Hospital)": "Not available"}}{"timestamp": "2025-09-21T13:35:46.285499+00:00", "data": {"Toronto General (University Health Network)": "4 hr 23 min", "Toronto Western (University Health Network)": "2 hr 41 min", "Windsor Regional Hospital - Oullette Campus": "Not available", "Windsor Regional Hospital - Metropolitan Campus": "Not available", "Timmins and District Hospital": "Not available", "West Parry Sound Hospital": "3 hr 30 min", "North Bay Regional Health Centre": "5 hr  37 min", "Georgian Bay, Midland": "4 hr 30 min", "Grand River, Kitchener": "9 hr  45 min", "St. Mary\u2019s General, Kitchener": "4 hr 30 min", "Collingwood General and Marine Hospital": "1 hr 30 min", "Stevenson Memorial Hospital (Alliston)": "3 hr 30 min", "Childrens Hospital (London Health Sciences Centre)": "0 hr 45 min", "University Hospital (London Health Sciences Centre)": "2 hr 0 min", "Victoria Hospital (London Health Sciences Centre)": "", "Oshawa (Lakeridge Health)": "1 hr 11 min to2 hr 2 min", "Ajax (Lakeridge Health)": "1 hr 12 min to1 hr 43 min", "Bowmanville (Lakeridge Health)": "1 hr 6 min to1 hr 10 min", "Port Perry (Lakeridge Health)": "1 hr 1 min to1 hr 24 min", "Etobicoke (William Osler Health System)": "1 hr 7 min", "Brampton Civic (William Osler Health System)": "Not available", "Peel Memorial Urgent Care (William Osler Health System)": "Not available", "CHEO (Childrens Hospital of Eastern Ontario)": "5 hr 38 min", "West End Urgent Care Centre": "Closed until 10:00 AM", "King Campus Urgent Care, St. Joseph\u2019s Healthcare Hamilton": "0 hr 33 min", "McMaster Children\u2019s Hospital": "0 hr 28 min", "Hamilton General Hospital": "4 hr 15 min", "Juravinski Hospital and Cancer Centre": "0 hr 33 min", "St. Joseph\u2019s Healthcare Hamilton, Charlton Campus": "1 hr 20 min", "West Lincoln Memorial Hospital": "0 hr 58 min", "Cambridge Memorial": "Not available", "St. Catherines (Niagara Health)": "3 hr 30 min", "Niagara Falls (Niagara Health)": "1 hr 30 min", "Welland (Niagara Health)": "3 hr 0 min", "Brantford General": "3 hr 12 min", "Oakville Trafalgar Memorial (Halton Healthcare)": "1 hr 28 min", "Milton District (Halton Healthcare)": "2 hr 19 min", "Georgetown (Halton Healthcare)": "0 hr 58 min", "Sunnybrook": "3 hr 20 min", "Markham Stouffville (Oak Valley Health)": "1 hr 30 min", "Uxbridge (Oak Valley Health)": "2 hr 0 min", "Joseph Brant Hospital, Burlington": "Not available", "Guelph General": "Not available", "Mackenzie Richmond Hill (Mackenzie Health)": "Not available", "Cortellucci Vaughan (Mackenzie Health)": "Not available", "Humber River Hospital": "Not available", "St. Josephs Health Centre (Unity) Toronto": "Not available", "St. Michaels (Unity) Toronto": "Not available", "North York General": "Not available", "Southlake": "Not available", "Queensway Carleton Hospital": "Not available", "Ottawa Civic (The Ottawa Hospital)": "Not available", "Ottawa General (The Ottawa Hospital)": "Not available"}}{"timestamp": "2025-09-21T13:49:56.610423+00:00", "data": {"Toronto General (University Health Network)": "4 hr 31 min", "Toronto Western (University Health Network)": "2 hr 52 min", "Windsor Regional Hospital - Oullette Campus": "Not available", "Windsor Regional Hospital - Metropolitan Campus": "Not available", "Timmins and District Hospital": "Not available", "West Parry Sound Hospital": "3 hr 30 min", "North Bay Regional Health Centre": "4 hr  47 min", "Georgian Bay, Midland": "4 hr 0 min", "Grand River, Kitchener": "10 hr  00 min", "St. Mary\u2019s General, Kitchener": "5+ hr 0 min", "Collingwood General and Marine Hospital": "2 hr 30 min", "Stevenson Memorial Hospital (Alliston)": "3 hr 30 min", "Childrens Hospital (London Health Sciences Centre)": "0 hr 30 min", "University Hospital (London Health Sciences Centre)": "2 hr 15 min", "Victoria Hospital (London Health Sciences Centre)": "1 hr 15 min", "Oshawa (Lakeridge Health)": "1 hr 8 min to1 hr 59 min", "Ajax (Lakeridge Health)": "1 hr 17 min to1 hr 45 min", "Bowmanville (Lakeridge Health)": "1 hr 4 min to1 hr 8 min", "Port Perry (Lakeridge Health)": "1 hr 1 min to1 hr 24 min", "Etobicoke (William Osler Health System)": "1 hr 7 min", "Brampton Civic (William Osler Health System)": "Not available", "Peel Memorial Urgent Care (William Osler Health System)": "Not available", "CHEO (Childrens Hospital of Eastern Ontario)": "5 hr 38 min", "West End Urgent Care Centre": "Closed until 10:00 AM", "King Campus Urgent Care, St. Joseph\u2019s Healthcare Hamilton": "0 hr 39 min", "McMaster Children\u2019s Hospital": "0 hr 29 min", "Hamilton General Hospital": "3 hr 50 min", "Juravinski Hospital and Cancer Centre": "0 hr 32 min", "St. Joseph\u2019s Healthcare Hamilton, Charlton Campus": "1 hr 16 min", "West Lincoln Memorial Hospital": "0 hr 56 min", "Cambridge Memorial": "Not available", "St. Catherines (Niagara Health)": "3 hr 30 min", "Niagara Falls (Niagara Health)": "1 hr 0 min", "Welland (Niagara Health)": "3 hr 0 min", "Brantford General": "3 hr 27 min", "Oakville Trafalgar Memorial (Halton Healthcare)": "1 hr 2 min", "Milton District (Halton Healthcare)": "0 hr 35 min", "Georgetown (Halton Healthcare)": "1 hr 3 min", "Sunnybrook": "3 hr 21 min", "Markham Stouffville (Oak Valley Health)": "1 hr 30 min", "Uxbridge (Oak Valley Health)": "1 hr 30 min", "Joseph Brant Hospital, Burlington": "Not available", "Guelph General": "Not available", "Mackenzie Richmond Hill (Mackenzie Health)": "Not available", "Cortellucci Vaughan (Mackenzie Health)": "Not available", "Humber River Hospital": "Not available", "St. Josephs Health Centre (Unity) Toronto": "Not available", "St. Michaels (Unity) Toronto": "Not available", "North York General": "Not available", "Southlake": "Not available", "Queensway Carleton Hospital": "Not available", "Ottawa Civic (The Ottawa Hospital)": "Not available", "Ottawa General (The Ottawa Hospital)": "Not available"}}{"timestamp": "2025-09-21T14:09:57.252055+00:00", "data": {"Toronto General (University Health Network)": "4 hr 31 min", "Toronto Western (University Health Network)": "2 hr 52 min", "Windsor Regional Hospital - Oullette Campus": "Not available", "Windsor Regional Hospital - Metropolitan Campus": "Not available", "Timmins and District Hospital": "Not available", "West Parry Sound Hospital": "5 hr 0 min", "North Bay Regional Health Centre": "4 hr  34 min", "Georgian Bay, Midland": "4 hr 0 min", "Grand River, Kitchener": "10 hr  15 min", "St. Mary\u2019s General, Kitchener": "5+ hr 0 min", "Collingwood General and Marine Hospital": "2 hr 30 min", "Stevenson Memorial Hospital (Alliston)": "3 hr 30 min", "Childrens Hospital (London Health Sciences Centre)": "0 hr 30 min", "University Hospital (London Health Sciences Centre)": "2 hr 45 min", "Victoria Hospital (London Health Sciences Centre)": "0 hr 45 min", "Oshawa (Lakeridge Health)": "1 hr 9 min to1 hr 57 min", "Ajax (Lakeridge Health)": "1 hr 18 min to1 hr 49 min", "Bowmanville (Lakeridge Health)": "1 hr or less to1 hr 13 min", "Port Perry (Lakeridge Health)": "1 hr or less to1 hr 16 min", "Etobicoke (William Osler Health System)": "1 hr 19 min", "Brampton Civic (William Osler Health System)": "1 hr 38 min", "Peel Memorial Urgent Care (William Osler Health System)": "Not available", "CHEO (Childrens Hospital of Eastern Ontario)": "5 hr 55 min", "King Campus Urgent Care, St. Joseph\u2019s Healthcare Hamilton": "0 hr 50 min", "West End Urgent Care Centre": "0 hr 15 min", "McMaster Children\u2019s Hospital": "0 hr 29 min", "Hamilton General Hospital": "3 hr 50 min", "Juravinski Hospital and Cancer Centre": "0 hr 33 min", "St. Joseph\u2019s Healthcare Hamilton, Charlton Campus": "1 hr 12 min", "West Lincoln Memorial Hospital": "0 hr 56 min", "Cambridge Memorial": "Not available", "St. Catherines (Niagara Health)": "3 hr 30 min", "Niagara Falls (Niagara Health)": "1 hr 0 min", "Welland (Niagara Health)": "3 hr 0 min", "Brantford General": "4 hr 23 min", "Oakville Trafalgar Memorial (Halton Healthcare)": "1 hr 10 min", "Milton District (Halton Healthcare)": "0 hr 39 min", "Georgetown (Halton Healthcare)": "1 hr 18 min", "Sunnybrook": "3 hr 42 min", "Markham Stouffville (Oak Valley Health)": "1 hr 0 min", "Uxbridge (Oak Valley Health)": "2 hr 0 min", "Joseph Brant Hospital, Burlington": "Not available", "Guelph General": "Not available", "Mackenzie Richmond Hill (Mackenzie Health)": "Not available", "Cortellucci Vaughan (Mackenzie Health)": "Not available", "Humber River Hospital": "Not available", "St. Josephs Health Centre (Unity) Toronto": "Not available", "St. Michaels (Unity) Toronto": "Not available", "North York General": "Not available", "Southlake": "Not available", "Queensway Carleton Hospital": "Not available", "Ottawa Civic (The Ottawa Hospital)": "Not available", "Ottawa General (The Ottawa Hospital)": "Not available"}}{"timestamp": "2025-09-21T14:25:03.199289+00:00", "data": {"Toronto General (University Health Network)": "4 hr 31 min", "Toronto Western (University Health Network)": "2 hr 52 min", "Windsor Regional Hospital - Oullette Campus": "0 hr 52 min", "Windsor Regional Hospital - Metropolitan Campus": "Not available", "Timmins and District Hospital": "Not available", "West Parry Sound Hospital": "6 hr 0 min", "North Bay Regional Health Centre": "3 hr  53 min", "Georgian Bay, Midland": "4 hr 30 min", "Grand River, Kitchener": "10 hr  21 min", "St. Mary\u2019s General, Kitchener": "4 hr 30 min", "Collingwood General and Marine Hospital": "3 hr 0 min", "Stevenson Memorial Hospital (Alliston)": "3 hr 30 min", "Childrens Hospital (London Health Sciences Centre)": "0 hr 45 min", "University Hospital (London Health Sciences Centre)": "3 hr 0 min", "Victoria Hospital (London Health Sciences Centre)": "", "Oshawa (Lakeridge Health)": "1 hr 6 min to1 hr 51 min", "Ajax (Lakeridge Health)": "1 hr 21 min to1 hr 54 min", "Bowmanville (Lakeridge Health)": "1 hr or less to1 hr 14 min", "Port Perry (Lakeridge Health)": "1 hr or less to1 hr 16 min", "Etobicoke (William Osler Health System)": "1 hr 19 min", "Brampton Civic (William Osler Health System)": "Not available", "Peel Memorial Urgent Care (William Osler Health System)": "Not available", "CHEO (Childrens Hospital of Eastern Ontario)": "5 hr 55 min", "King Campus Urgent Care, St. Joseph\u2019s Healthcare Hamilton": "0 hr 50 min", "West End Urgent Care Centre": "0 hr 19 min", "McMaster Children\u2019s Hospital": "0 hr 33 min", "Hamilton General Hospital": "3 hr 40 min", "Juravinski Hospital and Cancer Centre": "0 hr 32 min", "St. Joseph\u2019s Healthcare Hamilton, Charlton Campus": "1 hr 5 min", "West Lincoln Memorial Hospital": "0 hr 53 min", "Cambridge Memorial": "Not available", "St. Catherines (Niagara Health)": "4 hr 0 min", "Niagara Falls (Niagara Health)": "1 hr 0 min", "Welland (Niagara Health)": "3 hr 0 min", "Brantford General": "2 hr 51 min", "Oakville Trafalgar Memorial (Halton Healthcare)": "1 hr 1 min", "Milton District (Halton Healthcare)": "0 hr 55 min", "Georgetown (Halton Healthcare)": "1 hr 33 min", "Sunnybrook": "3 hr 49 min", "Markham Stouffville (Oak Valley Health)": "1 hr 0 min", "Uxbridge (Oak Valley Health)": "1 hr 30 min", "Joseph Brant Hospital, Burlington": "Not available", "Guelph General": "Not available", "Mackenzie Richmond Hill (Mackenzie Health)": "Not available", "Cortellucci Vaughan (Mackenzie Health)": "Not available", "Humber River Hospital": "Not available", "St. Josephs Health Centre (Unity) Toronto": "Not available", "St. Michaels (Unity) Toronto": "Not available", "North York General": "Not available", "Southlake": "Not available", "Queensway Carleton Hospital": "Not available", "Ottawa Civic (The Ottawa Hospital)": "Not available", "Ottawa General (The Ottawa Hospital)": "Not available"}}{"timestamp": "2025-09-21T14:35:05.842208+00:00", "data": {"Toronto General (University Health Network)": "4 hr 31 min", "Toronto Western (University Health Network)": "2 hr 52 min", "Windsor Regional Hospital - Oullette Campus": "Not available", "Windsor Regional Hospital - Metropolitan Campus": "2 hr 46 min", "Timmins and District Hospital": "Not available", "West Parry Sound Hospital": "6+ hr 0 min", "North Bay Regional Health Centre": "3 hr  18 min", "Georgian Bay, Midland": "4 hr 30 min", "Grand River, Kitchener": "10 hr  21 min", "St. Mary\u2019s General, Kitchener": "4 hr 30 min", "Collingwood General and Marine Hospital": "3 hr 30 min", "Stevenson Memorial Hospital (Alliston)": "4 hr 0 min", "Childrens Hospital (London Health Sciences Centre)": "0 hr 45 min", "University Hospital (London Health Sciences Centre)": "3 hr 0 min", "Victoria Hospital (London Health Sciences Centre)": "", "Oshawa (Lakeridge Health)": "1 hr 6 min to1 hr 51 min", "Ajax (Lakeridge Health)": "1 hr 21 min to1 hr 54 min", "Bowmanville (Lakeridge Health)": "1 hr or less to1 hr 14 min", "Port Perry (Lakeridge Health)": "1 hr or less to1 hr 16 min", "Etobicoke (William Osler Health System)": "1 hr 19 min", "Brampton Civic (William Osler Health System)": "1 hr 38 min", "Peel Memorial Urgent Care (William Osler Health System)": "Not available", "CHEO (Childrens Hospital of Eastern Ontario)": "5 hr 55 min", "King Campus Urgent Care, St. Joseph\u2019s Healthcare Hamilton": "0 hr 56 min", "West End Urgent Care Centre": "0 hr 22 min", "McMaster Children\u2019s Hospital": "0 hr 35 min", "Hamilton General Hospital": "3 hr 32 min", "Juravinski Hospital and Cancer Centre": "0 hr 32 min", "St. Joseph\u2019s Healthcare Hamilton, Charlton Campus": "1 hr 5 min", "West Lincoln Memorial Hospital": "0 hr 49 min", "Cambridge Memorial": "Not available", "St. Catherines (Niagara Health)": "4 hr 0 min", "Niagara Falls (Niagara Health)": "1 hr 30 min", "Welland (Niagara Health)": "3 hr 0 min", "Brantford General": "3 hr 6 min", "Oakville Trafalgar Memorial (Halton Healthcare)": "1 hr 1 min", "Milton District (Halton Healthcare)": "0 hr 55 min", "Georgetown (Halton Healthcare)": "1 hr 33 min", "Sunnybrook": "3 hr 49 min", "Markham Stouffville (Oak Valley Health)": "1 hr 30 min", "Uxbridge (Oak Valley Health)": "2 hr 0 min", "Joseph Brant Hospital, Burlington": "Not available", "Guelph General": "Not available", "Mackenzie Richmond Hill (Mackenzie Health)": "Not available", "Cortellucci Vaughan (Mackenzie Health)": "Not available", "Humber River Hospital": "Not available", "St. Josephs Health Centre (Unity) Toronto": "Not available", "St. Michaels (Unity) Toronto": "Not available", "North York General": "Not available", "Southlake": "Not available", "Queensway Carleton Hospital": "Not available", "Ottawa Civic (The Ottawa Hospital)": "Not available", "Ottawa General (The Ottawa Hospital)": "Not available"}}{"timestamp": "2025-09-21T15:10:27.719382+00:00", "data": {"Toronto General (University Health Network)": "4 hr 31 min", "Toronto Western (University Health Network)": "2 hr 31 min", "Windsor Regional Hospital - Oullette Campus": "Not available", "Windsor Regional Hospital - Metropolitan Campus": "Not available", "Timmins and District Hospital": "Not available", "West Parry Sound Hospital": "6 hr 0 min", "North Bay Regional Health Centre": "2 hr  44 min", "Georgian Bay, Midland": "5+ hr 0 min", "Grand River, Kitchener": "7 hr  15 min", "St. Mary\u2019s General, Kitchener": "5+ hr 0 min", "Collingwood General and Marine Hospital": "4 hr 30 min", "Stevenson Memorial Hospital (Alliston)": "4 hr 0 min", "Childrens Hospital (London Health Sciences Centre)": "1 hr 30 min", "University Hospital (London Health Sciences Centre)": "3 hr 45 min", "Victoria Hospital (London Health Sciences Centre)": "1 hr 30 min", "Oshawa (Lakeridge Health)": "1 hr 15 min to2 hr 20 min", "Ajax (Lakeridge Health)": "1 hr 24 min to2 hr 8 min", "Bowmanville (Lakeridge Health)": "1 hr 2 min to1 hr 26 min", "Port Perry (Lakeridge Health)": "1 hr or less to1 hr 28 min", "Etobicoke (William Osler Health System)": "1 hr 19 min", "Brampton Civic (William Osler Health System)": "Not available", "Peel Memorial Urgent Care (William Osler Health System)": "Not available", "CHEO (Childrens Hospital of Eastern Ontario)": "6 hr 01 min", "King Campus Urgent Care, St. Joseph\u2019s Healthcare Hamilton": "1 hr 7 min", "West End Urgent Care Centre": "0 hr 27 min", "McMaster Children\u2019s Hospital": "0 hr 36 min", "Hamilton General Hospital": "3 hr 17 min", "Juravinski Hospital and Cancer Centre": "0 hr 30 min", "St. Joseph\u2019s Healthcare Hamilton, Charlton Campus": "0 hr 55 min", "West Lincoln Memorial Hospital": "0 hr 46 min", "Cambridge Memorial": "Not available", "St. Catherines (Niagara Health)": "4 hr 30 min", "Niagara Falls (Niagara Health)": "2 hr 30 min", "Welland (Niagara Health)": "3 hr 0 min", "Brantford General": "3 hr 36 min", "Oakville Trafalgar Memorial (Halton Healthcare)": "1 hr 14 min", "Milton District (Halton Healthcare)": "1 hr 16 min", "Georgetown (Halton Healthcare)": "2 hr 7 min", "Sunnybrook": "3 hr 56 min", "Markham Stouffville (Oak Valley Health)": "2 hr 0 min", "Uxbridge (Oak Valley Health)": "1 hr 30 min", "Joseph Brant Hospital, Burlington": "Not available", "Guelph General": "Not available", "Mackenzie Richmond Hill (Mackenzie Health)": "Not available", "Cortellucci Vaughan (Mackenzie Health)": "Not available", "Humber River Hospital": "Not available", "St. Josephs Health Centre (Unity) Toronto": "Not available", "St. Michaels (Unity) Toronto": "Not available", "North York General": "Not available", "Southlake": "Not available", "Queensway Carleton Hospital": "Not available", "Ottawa Civic (The Ottawa Hospital)": "Not available", "Ottawa General (The Ottawa Hospital)": "Not available"}}{"timestamp": "2025-09-21T15:25:09.937934+00:00", "data": {"Toronto General (University Health Network)": "4 hr 31 min", "Toronto Western (University Health Network)": "2 hr 31 min", "Windsor Regional Hospital - Oullette Campus": "Not available", "Windsor Regional Hospital - Metropolitan Campus": "Not available", "Timmins and District Hospital": "Not available", "West Parry Sound Hospital": "5 hr 30 min", "North Bay Regional Health Centre": "2 hr  41 min", "Georgian Bay, Midland": "3 hr 30 min", "Grand River, Kitchener": "7 hr  45 min", "St. Mary\u2019s General, Kitchener": "5+ hr 0 min", "Collingwood General and Marine Hospital": "4 hr 30 min", "Stevenson Memorial Hospital (Alliston)": "4 hr 0 min", "Childrens Hospital (London Health Sciences Centre)": "1 hr 45 min", "University Hospital (London Health Sciences Centre)": "4 hr 0 min", "Victoria Hospital (London Health Sciences Centre)": "1 hr 45 min", "Oshawa (Lakeridge Health)": "1 hr 29 min to2 hr 38 min", "Ajax (Lakeridge Health)": "1 hr 20 min to2 hr 16 min", "Bowmanville (Lakeridge Health)": "1 hr 1 min to1 hr 28 min", "Port Perry (Lakeridge Health)": "1 hr or less", "Etobicoke (William Osler Health System)": "1 hr 19 min", "Brampton Civic (William Osler Health System)": "Not available", "Peel Memorial Urgent Care (William Osler Health System)": "Not available", "CHEO (Childrens Hospital of Eastern Ontario)": "6 hr 01 min", "King Campus Urgent Care, St. Joseph\u2019s Healthcare Hamilton": "1 hr 12 min", "West End Urgent Care Centre": "0 hr 31 min", "McMaster Children\u2019s Hospital": "0 hr 36 min", "Hamilton General Hospital": "2 hr 54 min", "Juravinski Hospital and Cancer Centre": "0 hr 33 min", "St. Joseph\u2019s Healthcare Hamilton, Charlton Campus": "0 hr 41 min", "West Lincoln Memorial Hospital": "0 hr 48 min", "Cambridge Memorial": "Not available", "St. Catherines (Niagara Health)": "5 hr 0 min", "Niagara Falls (Niagara Health)": "2 hr 30 min", "Welland (Niagara Health)": "3 hr 30 min", "Brantford General": "3 hr 22 min", "Oakville Trafalgar Memorial (Halton Healthcare)": "1 hr 14 min", "Milton District (Halton Healthcare)": "1 hr 30 min", "Georgetown (Halton Healthcare)": "1 hr 38 min", "Sunnybrook": "4 hr 9 min", "Markham Stouffville (Oak Valley Health)": "2 hr 0 min", "Uxbridge (Oak Valley Health)": "1 hr 30 min", "Joseph Brant Hospital, Burlington": "Not available", "Guelph General": "Not available", "Mackenzie Richmond Hill (Mackenzie Health)": "Not available", "Cortellucci Vaughan (Mackenzie Health)": "Not available", "Humber River Hospital": "Not available", "St. Josephs Health Centre (Unity) Toronto": "Not available", "St. Michaels (Unity) Toronto": "Not available", "North York General": "Not available", "Southlake": "Not available", "Queensway Carleton Hospital": "Not available", "Ottawa Civic (The Ottawa Hospital)": "Not available", "Ottawa General (The Ottawa Hospital)": "Not available"}}{"timestamp": "2025-09-21T15:49:52.996535+00:00", "data": {"Toronto General (University Health Network)": "4 hr 16 min", "Toronto Western (University Health Network)": "2 hr 12 min", "Windsor Regional Hospital - Oullette Campus": "0 hr 46 min", "Windsor Regional Hospital - Metropolitan Campus": "Not available", "Timmins and District Hospital": "Not available", "West Parry Sound Hospital": "5 hr 30 min", "North Bay Regional Health Centre": "2 hr  44 min", "Georgian Bay, Midland": "3 hr 30 min", "Grand River, Kitchener": "7 hr  19 min", "St. Mary\u2019s General, Kitchener": "5 hr 0 min", "Collingwood General and Marine Hospital": "5 hr 0 min", "Stevenson Memorial Hospital (Alliston)": "4 hr 30 min", "Childrens Hospital (London Health Sciences Centre)": "2 hr 0 min", "University Hospital (London Health Sciences Centre)": "4 hr 15 min", "Victoria Hospital (London Health Sciences Centre)": "2 hr 0 min", "Oshawa (Lakeridge Health)": "1 hr 30 min to2 hr 38 min", "Ajax (Lakeridge Health)": "1 hr 28 min to2 hr 23 min", "Bowmanville (Lakeridge Health)": "1 hr or less to1 hr 27 min", "Port Perry (Lakeridge Health)": "1 hr or less", "Etobicoke (William Osler Health System)": "1 hr 19 min", "Brampton Civic (William Osler Health System)": "Not available", "Peel Memorial Urgent Care (William Osler Health System)": "Not available", "CHEO (Childrens Hospital of Eastern Ontario)": "6 hr 01 min", "King Campus Urgent Care, St. Joseph\u2019s Healthcare Hamilton": "1 hr 21 min", "West End Urgent Care Centre": "0 hr 39 min", "McMaster Children\u2019s Hospital": "0 hr 43 min", "Hamilton General Hospital": "2 hr 30 min", "Juravinski Hospital and Cancer Centre": "0 hr 33 min", "St. Joseph\u2019s Healthcare Hamilton, Charlton Campus": "0 hr 26 min", "West Lincoln Memorial Hospital": "0 hr 41 min", "Cambridge Memorial": "Not available", "St. Catherines (Niagara Health)": "4 hr 30 min", "Niagara Falls (Niagara Health)": "2 hr 30 min", "Welland (Niagara Health)": "3 hr 30 min", "Brantford General": "3 hr 37 min", "Oakville Trafalgar Memorial (Halton Healthcare)": "1 hr 28 min", "Milton District (Halton Healthcare)": "0 hr 51 min", "Georgetown (Halton Healthcare)": "1 hr 48 min", "Sunnybrook": "4 hr 10 min", "Markham Stouffville (Oak Valley Health)": "2 hr 30 min", "Uxbridge (Oak Valley Health)": "2 hr 30 min", "Joseph Brant Hospital, Burlington": "Not available", "Guelph General": "Not available", "Mackenzie Richmond Hill (Mackenzie Health)": "Not available", "Cortellucci Vaughan (Mackenzie Health)": "Not available", "Humber River Hospital": "Not available", "St. Josephs Health Centre (Unity) Toronto": "Not available", "St. Michaels (Unity) Toronto": "Not available", "North York General": "Not available", "Southlake": "Not available", "Queensway Carleton Hospital": "Not available", "Ottawa Civic (The Ottawa Hospital)": "Not available", "Ottawa General (The Ottawa Hospital)": "Not available"}}{"timestamp": "2025-09-21T16:10:03.066867+00:00", "data": {"Toronto General (University Health Network)": "4 hr 16 min", "Toronto Western (University Health Network)": "2 hr 12 min", "Windsor Regional Hospital - Oullette Campus": "Not available", "Windsor Regional Hospital - Metropolitan Campus": "Not available", "Timmins and District Hospital": "Not available", "West Parry Sound Hospital": "5 hr 0 min", "North Bay Regional Health Centre": "2 hr  44 min", "Georgian Bay, Midland": "3 hr 30 min", "Grand River, Kitchener": "7 hr  34 min", "St. Mary\u2019s General, Kitchener": "4 hr 30 min", "Collingwood General and Marine Hospital": "5+ hr 0 min", "Stevenson Memorial Hospital (Alliston)": "5 hr 0 min", "Childrens Hospital (London Health Sciences Centre)": "2 hr 30 min", "University Hospital (London Health Sciences Centre)": "4 hr 45 min", "Victoria Hospital (London Health Sciences Centre)": "2 hr 15 min", "Oshawa (Lakeridge Health)": "1 hr 36 min to2 hr 59 min", "Ajax (Lakeridge Health)": "1 hr 27 min to2 hr 14 min", "Bowmanville (Lakeridge Health)": "1 hr or less to1 hr 23 min", "Port Perry (Lakeridge Health)": "1 hr or less", "Etobicoke (William Osler Health System)": "1 hr 17 min", "Brampton Civic (William Osler Health System)": "Not available", "Peel Memorial Urgent Care (William Osler Health System)": "Not available", "CHEO (Childrens Hospital of Eastern Ontario)": "6 hr 41 min", "King Campus Urgent Care, St. Joseph\u2019s Healthcare Hamilton": "1 hr 23 min", "West End Urgent Care Centre": "0 hr 39 min", "McMaster Children\u2019s Hospital": "0 hr 44 min", "Hamilton General Hospital": "2 hr 19 min", "Juravinski Hospital and Cancer Centre": "0 hr 36 min", "St. Joseph\u2019s Healthcare Hamilton, Charlton Campus": "0 hr 25 min", "West Lincoln Memorial Hospital": "0 hr 41 min", "Cambridge Memorial": "Not available", "St. Catherines (Niagara Health)": "5 hr 0 min", "Niagara Falls (Niagara Health)": "2 hr 30 min", "Welland (Niagara Health)": "3 hr 30 min", "Brantford General": "3 hr 52 min", "Oakville Trafalgar Memorial (Halton Healthcare)": "1 hr 26 min", "Milton District (Halton Healthcare)": "0 hr 56 min", "Georgetown (Halton Healthcare)": "1 hr 59 min", "Sunnybrook": "4 hr 16 min", "Markham Stouffville (Oak Valley Health)": "2 hr 30 min", "Uxbridge (Oak Valley Health)": "2 hr 0 min", "Joseph Brant Hospital, Burlington": "Not available", "Guelph General": "Not available", "Mackenzie Richmond Hill (Mackenzie Health)": "Not available", "Cortellucci Vaughan (Mackenzie Health)": "Not available", "Humber River Hospital": "Not available", "St. Josephs Health Centre (Unity) Toronto": "Not available", "St. Michaels (Unity) Toronto": "Not available", "North York General": "Not available", "Southlake": "Not available", "Queensway Carleton Hospital": "Not available", "Ottawa Civic (The Ottawa Hospital)": "Not available", "Ottawa General (The Ottawa Hospital)": "Not available"}}{"timestamp": "2025-09-21T16:25:21.522356+00:00", "data": {"Toronto General (University Health Network)": "4 hr 16 min", "Toronto Western (University Health Network)": "2 hr 12 min", "Windsor Regional Hospital - Oullette Campus": "Not available", "Windsor Regional Hospital - Metropolitan Campus": "Not available", "Timmins and District Hospital": "0 hr 42 min", "West Parry Sound Hospital": "5 hr 0 min", "North Bay Regional Health Centre": "2 hr  54 min", "Georgian Bay, Midland": "2 hr 0 min", "Grand River, Kitchener": "4 hr  53 min", "St. Mary\u2019s General, Kitchener": "4 hr 30 min", "Collingwood General and Marine Hospital": "5+ hr 0 min", "Stevenson Memorial Hospital (Alliston)": "4 hr 30 min", "Childrens Hospital (London Health Sciences Centre)": "2 hr 45 min", "University Hospital (London Health Sciences Centre)": "5 hr 0 min", "Victoria Hospital (London Health Sciences Centre)": "2 hr 30 min", "Oshawa (Lakeridge Health)": "1 hr 45 min to3 hr 11 min", "Ajax (Lakeridge Health)": "1 hr 27 min to2 hr 14 min", "Bowmanville (Lakeridge Health)": "1 hr or less to1 hr 21 min", "Port Perry (Lakeridge Health)": "1 hr or less to1 hr 1 min", "Etobicoke (William Osler Health System)": "1 hr 17 min", "Brampton Civic (William Osler Health System)": "Not available", "Peel Memorial Urgent Care (William Osler Health System)": "Not available", "CHEO (Childrens Hospital of Eastern Ontario)": "6 hr 41 min", "King Campus Urgent Care, St. Joseph\u2019s Healthcare Hamilton": "1 hr 26 min", "West End Urgent Care Centre": "0 hr 49 min", "McMaster Children\u2019s Hospital": "0 hr 46 min", "Hamilton General Hospital": "2 hr 3 min", "Juravinski Hospital and Cancer Centre": "0 hr 37 min", "St. Joseph\u2019s Healthcare Hamilton, Charlton Campus": "0 hr 24 min", "West Lincoln Memorial Hospital": "0 hr 43 min", "Cambridge Memorial": "Not available", "St. Catherines (Niagara Health)": "4 hr 30 min", "Niagara Falls (Niagara Health)": "2 hr 30 min", "Welland (Niagara Health)": "4 hr 0 min", "Brantford General": "3 hr 52 min", "Oakville Trafalgar Memorial (Halton Healthcare)": "1 hr 41 min", "Milton District (Halton Healthcare)": "1 hr 7 min", "Georgetown (Halton Healthcare)": "1 hr 22 min", "Sunnybrook": "3 hr 39 min", "Markham Stouffville (Oak Valley Health)": "2 hr 30 min", "Uxbridge (Oak Valley Health)": "2 hr 30 min", "Joseph Brant Hospital, Burlington": "Not available", "Guelph General": "Not available", "Mackenzie Richmond Hill (Mackenzie Health)": "Not available", "Cortellucci Vaughan (Mackenzie Health)": "Not available", "Humber River Hospital": "Not available", "St. Josephs Health Centre (Unity) Toronto": "Not available", "St. Michaels (Unity) Toronto": "Not available", "North York General": "Not available", "Southlake": "Not available", "Queensway Carleton Hospital": "Not available", "Ottawa Civic (The Ottawa Hospital)": "Not available", "Ottawa General (The Ottawa Hospital)": "Not available"}}{"timestamp": "2025-09-21T16:35:33.189379+00:00", "data": {"Toronto General (University Health Network)": "4 hr 16 min", "Toronto Western (University Health Network)": "2 hr 12 min", "Windsor Regional Hospital - Oullette Campus": "Not available", "Windsor Regional Hospital - Metropolitan Campus": "1 hr 7 min", "Timmins and District Hospital": "0 hr 42 min", "West Parry Sound Hospital": "4 hr 30 min", "North Bay Regional Health Centre": "2 hr  55 min", "Georgian Bay, Midland": "1 hr 30 min", "Grand River, Kitchener": "4 hr  53 min", "St. Mary\u2019s General, Kitchener": "4 hr 30 min", "Collingwood General and Marine Hospital": "5+ hr 0 min", "Stevenson Memorial Hospital (Alliston)": "4 hr 30 min", "Childrens Hospital (London Health Sciences Centre)": "2 hr 45 min", "University Hospital (London Health Sciences Centre)": "5 hr 0 min", "Victoria Hospital (London Health Sciences Centre)": "2 hr 30 min", "Oshawa (Lakeridge Health)": "1 hr 45 min to3 hr 11 min", "Ajax (Lakeridge Health)": "1 hr 27 min to2 hr 14 min", "Bowmanville (Lakeridge Health)": "1 hr or less to1 hr 21 min", "Port Perry (Lakeridge Health)": "1 hr or less to1 hr 1 min", "Etobicoke (William Osler Health System)": "1 hr 17 min", "Brampton Civic (William Osler Health System)": "Not available", "Peel Memorial Urgent Care (William Osler Health System)": "Not available", "CHEO (Childrens Hospital of Eastern Ontario)": "6 hr 41 min", "King Campus Urgent Care, St. Joseph\u2019s Healthcare Hamilton": "1 hr 30 min", "West End Urgent Care Centre": "0 hr 54 min", "McMaster Children\u2019s Hospital": "0 hr 47 min", "Hamilton General Hospital": "2 hr 2 min", "Juravinski Hospital and Cancer Centre": "0 hr 40 min", "St. Joseph\u2019s Healthcare Hamilton, Charlton Campus": "0 hr 24 min", "West Lincoln Memorial Hospital": "0 hr 44 min", "Cambridge Memorial": "Not available", "St. Catherines (Niagara Health)": "4 hr 30 min", "Niagara Falls (Niagara Health)": "2 hr 30 min", "Welland (Niagara Health)": "4 hr 0 min", "Brantford General": "4 hr 7 min", "Oakville Trafalgar Memorial (Halton Healthcare)": "1 hr 41 min", "Milton District (Halton Healthcare)": "1 hr 7 min", "Georgetown (Halton Healthcare)": "1 hr 22 min", "Sunnybrook": "3 hr 39 min", "Markham Stouffville (Oak Valley Health)": "2 hr 30 min", "Uxbridge (Oak Valley Health)": "2 hr 30 min", "Joseph Brant Hospital, Burlington": "Not available", "Guelph General": "Not available", "Mackenzie Richmond Hill (Mackenzie Health)": "Not available", "Cortellucci Vaughan (Mackenzie Health)": "Not available", "Humber River Hospital": "Not available", "St. Josephs Health Centre (Unity) Toronto": "Not available", "St. Michaels (Unity) Toronto": "Not available", "North York General": "Not available", "Southlake": "Not available", "Queensway Carleton Hospital": "Not available", "Ottawa Civic (The Ottawa Hospital)": "Not available", "Ottawa General (The Ottawa Hospital)": "Not available"}}{"timestamp": "2025-09-21T17:25:31.162835+00:00", "data": {"Toronto General (University Health Network)": "3 hr 30 min", "Toronto Western (University Health Network)": "2 hr 27 min", "Windsor Regional Hospital - Oullette Campus": "Not available", "Windsor Regional Hospital - Metropolitan Campus": "Not available", "Timmins and District Hospital": "0 hr 42 min", "West Parry Sound Hospital": "5 hr 0 min", "North Bay Regional Health Centre": "3 hr  5 min", "Georgian Bay, Midland": "0 hr 30 min", "Grand River, Kitchener": "4 hr  05 min", "St. Mary\u2019s General, Kitchener": "4 hr 0 min", "Collingwood General and Marine Hospital": "5+ hr 0 min", "Stevenson Memorial Hospital (Alliston)": "5 hr 0 min", "Childrens Hospital (London Health Sciences Centre)": "3 hr 0 min", "University Hospital (London Health Sciences Centre)": "3 hr 0 min", "Victoria Hospital (London Health Sciences Centre)": "3 hr 0 min", "Oshawa (Lakeridge Health)": "2 hr 0 min to3 hr 23 min", "Ajax (Lakeridge Health)": "1 hr 31 min to2 hr 18 min", "Bowmanville (Lakeridge Health)": "1 hr 0 min to1 hr 26 min", "Port Perry (Lakeridge Health)": "1 hr or less to1 hr 4 min", "Etobicoke (William Osler Health System)": "1 hr 16 min", "Brampton Civic (William Osler Health System)": "Not available", "Peel Memorial Urgent Care (William Osler Health System)": "Not available", "CHEO (Childrens Hospital of Eastern Ontario)": "5 hr 11 min", "King Campus Urgent Care, St. Joseph\u2019s Healthcare Hamilton": "1 hr 38 min", "West End Urgent Care Centre": "1 hr 11 min", "McMaster Children\u2019s Hospital": "0 hr 45 min", "Hamilton General Hospital": "2 hr 1 min", "Juravinski Hospital and Cancer Centre": "0 hr 52 min", "St. Joseph\u2019s Healthcare Hamilton, Charlton Campus": "0 hr 23 min", "West Lincoln Memorial Hospital": "0 hr 48 min", "Cambridge Memorial": "Not available", "St. Catherines (Niagara Health)": "4 hr 30 min", "Niagara Falls (Niagara Health)": "3 hr 0 min", "Welland (Niagara Health)": "3 hr 30 min", "Brantford General": "4 hr 52 min", "Oakville Trafalgar Memorial (Halton Healthcare)": "1 hr 25 min", "Milton District (Halton Healthcare)": "0 hr 24 min", "Georgetown (Halton Healthcare)": "0 hr 44 min", "Sunnybrook": "4 hr 12 min", "Markham Stouffville (Oak Valley Health)": "2 hr 0 min", "Uxbridge (Oak Valley Health)": "3 hr 0 min", "Joseph Brant Hospital, Burlington": "Not available", "Guelph General": "Not available", "Mackenzie Richmond Hill (Mackenzie Health)": "Not available", "Cortellucci Vaughan (Mackenzie Health)": "Not available", "Humber River Hospital": "Not available", "St. Josephs Health Centre (Unity) Toronto": "Not available", "St. Michaels (Unity) Toronto": "Not available", "North York General": "Not available", "Southlake": "Not available", "Queensway Carleton Hospital": "Not available", "Ottawa Civic (The Ottawa Hospital)": "Not available", "Ottawa General (The Ottawa Hospital)": "Not available"}}{"timestamp": "2025-09-21T17:35:52.135453+00:00", "data": {"Toronto General (University Health Network)": "3 hr 30 min", "Toronto Western (University Health Network)": "2 hr 27 min", "Windsor Regional Hospital - Oullette Campus": "Not available", "Windsor Regional Hospital - Metropolitan Campus": "Not available", "Timmins and District Hospital": "0 hr 42 min", "West Parry Sound Hospital": "5 hr 30 min", "North Bay Regional Health Centre": "3 hr  30 min", "Georgian Bay, Midland": "0 hr 30 min", "Grand River, Kitchener": "4 hr  05 min", "St. Mary\u2019s General, Kitchener": "4 hr 0 min", "Collingwood General and Marine Hospital": "5+ hr 0 min", "Stevenson Memorial Hospital (Alliston)": "5 hr 0 min", "Childrens Hospital (London Health Sciences Centre)": "3 hr 0 min", "University Hospital (London Health Sciences Centre)": "3 hr 0 min", "Victoria Hospital (London Health Sciences Centre)": "3 hr 0 min", "Oshawa (Lakeridge Health)": "2 hr 0 min to3 hr 23 min", "Ajax (Lakeridge Health)": "1 hr 31 min to2 hr 18 min", "Bowmanville (Lakeridge Health)": "1 hr 0 min to1 hr 26 min", "Port Perry (Lakeridge Health)": "1 hr or less to1 hr 4 min", "Etobicoke (William Osler Health System)": "1 hr 16 min", "Brampton Civic (William Osler Health System)": "Not available", "Peel Memorial Urgent Care (William Osler Health System)": "Not available", "CHEO (Childrens Hospital of Eastern Ontario)": "5 hr 11 min", "King Campus Urgent Care, St. Joseph\u2019s Healthcare Hamilton": "1 hr 38 min", "West End Urgent Care Centre": "1 hr 8 min", "McMaster Children\u2019s Hospital": "0 hr 49 min", "Hamilton General Hospital": "1 hr 58 min", "Juravinski Hospital and Cancer Centre": "0 hr 52 min", "St. Joseph\u2019s Healthcare Hamilton, Charlton Campus": "0 hr 23 min", "West Lincoln Memorial Hospital": "0 hr 48 min", "Cambridge Memorial": "Not available", "St. Catherines (Niagara Health)": "4 hr 30 min", "Niagara Falls (Niagara Health)": "3 hr 0 min", "Welland (Niagara Health)": "3 hr 30 min", "Brantford General": "5 hr 7 min", "Oakville Trafalgar Memorial (Halton Healthcare)": "1 hr 25 min", "Milton District (Halton Healthcare)": "0 hr 24 min", "Georgetown (Halton Healthcare)": "0 hr 44 min", "Sunnybrook": "4 hr 12 min", "Markham Stouffville (Oak Valley Health)": "2 hr 30 min", "Uxbridge (Oak Valley Health)": "3 hr 0 min", "Joseph Brant Hospital, Burlington": "Not available", "Guelph General": "Not available", "Mackenzie Richmond Hill (Mackenzie Health)": "Not available", "Cortellucci Vaughan (Mackenzie Health)": "Not available", "Humber River Hospital": "Not available", "St. Josephs Health Centre (Unity) Toronto": "Not available", "St. Michaels (Unity) Toronto": "Not available", "North York General": "Not available", "Southlake": "Not available", "Queensway Carleton Hospital": "Not available", "Ottawa Civic (The Ottawa Hospital)": "Not available", "Ottawa General (The Ottawa Hospital)": "Not available"}}{"timestamp": "2025-09-21T17:50:32.053011+00:00", "data": {"Toronto General (University Health Network)": "3 hr 2 min", "Toronto Western (University Health Network)": "2 hr 31 min", "Windsor Regional Hospital - Oullette Campus": "0 hr 41 min", "Windsor Regional Hospital - Metropolitan Campus": "Not available", "Timmins and District Hospital": "Not available", "West Parry Sound Hospital": "5 hr 30 min", "North Bay Regional Health Centre": "3 hr  36 min", "Georgian Bay, Midland": "1 hr 30 min", "Grand River, Kitchener": "3 hr  45 min", "St. Mary\u2019s General, Kitchener": "3 hr 30 min", "Collingwood General and Marine Hospital": "5+ hr 0 min", "Stevenson Memorial Hospital (Alliston)": "5 hr 30 min", "Childrens Hospital (London Health Sciences Centre)": "3 hr 15 min", "University Hospital (London Health Sciences Centre)": "3 hr 15 min", "Victoria Hospital (London Health Sciences Centre)": "3 hr 15 min", "Oshawa (Lakeridge Health)": "2 hr 10 min to3 hr 29 min", "Ajax (Lakeridge Health)": "1 hr 24 min to2 hr 4 min", "Bowmanville (Lakeridge Health)": "1 hr 4 min to1 hr 27 min", "Port Perry (Lakeridge Health)": "1 hr or less to1 hr 2 min", "Etobicoke (William Osler Health System)": "1 hr 16 min", "Brampton Civic (William Osler Health System)": "Not available", "Peel Memorial Urgent Care (William Osler Health System)": "Not available", "CHEO (Childrens Hospital of Eastern Ontario)": "5 hr 11 min", "King Campus Urgent Care, St. Joseph\u2019s Healthcare Hamilton": "1 hr 39 min", "West End Urgent Care Centre": "1 hr 10 min", "McMaster Children\u2019s Hospital": "0 hr 51 min", "Hamilton General Hospital": "1 hr 43 min", "Juravinski Hospital and Cancer Centre": "0 hr 56 min", "St. Joseph\u2019s Healthcare Hamilton, Charlton Campus": "0 hr 23 min", "West Lincoln Memorial Hospital": "0 hr 48 min", "Cambridge Memorial": "Not available", "St. Catherines (Niagara Health)": "4 hr 30 min", "Niagara Falls (Niagara Health)": "3 hr 0 min", "Welland (Niagara Health)": "3 hr 30 min", "Brantford General": "5 hr 22 min", "Oakville Trafalgar Memorial (Halton Healthcare)": "1 hr 35 min", "Milton District (Halton Healthcare)": "0 hr 40 min", "Georgetown (Halton Healthcare)": "0 hr 49 min", "Sunnybrook": "4 hr 32 min", "Markham Stouffville (Oak Valley Health)": "2 hr 30 min", "Uxbridge (Oak Valley Health)": "2 hr 30 min", "Joseph Brant Hospital, Burlington": "Not available", "Guelph General": "Not available", "Mackenzie Richmond Hill (Mackenzie Health)": "Not available", "Cortellucci Vaughan (Mackenzie Health)": "Not available", "Humber River Hospital": "Not available", "St. Josephs Health Centre (Unity) Toronto": "Not available", "St. Michaels (Unity) Toronto": "Not available", "North York General": "Not available", "Southlake": "Not available", "Queensway Carleton Hospital": "Not available", "Ottawa Civic (The Ottawa Hospital)": "Not available", "Ottawa General (The Ottawa Hospital)": "Not available"}}{"timestamp": "2025-09-21T18:09:41.609326+00:00", "data": {"Toronto General (University Health Network)": "3 hr 2 min", "Toronto Western (University Health Network)": "2 hr 31 min", "Windsor Regional Hospital - Oullette Campus": "Not available", "Windsor Regional Hospital - Metropolitan Campus": "Not available", "Timmins and District Hospital": "Not available", "West Parry Sound Hospital": "5 hr 30 min", "North Bay Regional Health Centre": "3 hr  50 min", "Georgian Bay, Midland": "2 hr 0 min", "Grand River, Kitchener": "3 hr  45 min", "St. Mary\u2019s General, Kitchener": "4 hr 0 min", "Collingwood General and Marine Hospital": "5+ hr 0 min", "Stevenson Memorial Hospital (Alliston)": "5 hr 0 min", "Childrens Hospital (London Health Sciences Centre)": "3 hr 0 min", "University Hospital (London Health Sciences Centre)": "3 hr 45 min", "Victoria Hospital (London Health Sciences Centre)": "3 hr 45 min", "Oshawa (Lakeridge Health)": "2 hr 18 min to3 hr 49 min", "Ajax (Lakeridge Health)": "1 hr 20 min to1 hr 58 min", "Bowmanville (Lakeridge Health)": "1 hr 0 min to1 hr 25 min", "Port Perry (Lakeridge Health)": "1 hr or less to1 hr 13 min", "Etobicoke (William Osler Health System)": "1 hr 18 min", "Brampton Civic (William Osler Health System)": "Not available", "Peel Memorial Urgent Care (William Osler Health System)": "Not available", "CHEO (Childrens Hospital of Eastern Ontario)": "7 hr 26 min", "King Campus Urgent Care, St. Joseph\u2019s Healthcare Hamilton": "1 hr 42 min", "West End Urgent Care Centre": "1 hr 13 min", "McMaster Children\u2019s Hospital": "0 hr 54 min", "Hamilton General Hospital": "1 hr 38 min", "Juravinski Hospital and Cancer Centre": "1 hr 3 min", "St. Joseph\u2019s Healthcare Hamilton, Charlton Campus": "0 hr 19 min", "West Lincoln Memorial Hospital": "0 hr 46 min", "Cambridge Memorial": "Not available", "St. Catherines (Niagara Health)": "4 hr 30 min", "Niagara Falls (Niagara Health)": "3 hr 0 min", "Welland (Niagara Health)": "3 hr 30 min", "Brantford General": "5 hr 37 min", "Oakville Trafalgar Memorial (Halton Healthcare)": "2 hr 3 min", "Milton District (Halton Healthcare)": "0 hr 0 min", "Georgetown (Halton Healthcare)": "1 hr 19 min", "Sunnybrook": "2 hr 42 min", "Markham Stouffville (Oak Valley Health)": "3 hr 0 min", "Uxbridge (Oak Valley Health)": "3 hr 0 min", "Joseph Brant Hospital, Burlington": "Not available", "Guelph General": "Not available", "Mackenzie Richmond Hill (Mackenzie Health)": "Not available", "Cortellucci Vaughan (Mackenzie Health)": "Not available", "Humber River Hospital": "Not available", "St. Josephs Health Centre (Unity) Toronto": "Not available", "St. Michaels (Unity) Toronto": "Not available", "North York General": "Not available", "Southlake": "Not available", "Queensway Carleton Hospital": "Not available", "Ottawa Civic (The Ottawa Hospital)": "Not available", "Ottawa General (The Ottawa Hospital)": "Not available"}}{"timestamp": "2025-09-21T18:36:26.936482+00:00", "data": {"Toronto General (University Health Network)": "3 hr 2 min", "Toronto Western (University Health Network)": "2 hr 31 min", "Windsor Regional Hospital - Oullette Campus": "Not available", "Windsor Regional Hospital - Metropolitan Campus": "Not available", "Timmins and District Hospital": "0 hr 0 min", "West Parry Sound Hospital": "6 hr 0 min", "North Bay Regional Health Centre": "3 hr  47 min", "Georgian Bay, Midland": "2 hr 0 min", "Grand River, Kitchener": "4 hr  07 min", "St. Mary\u2019s General, Kitchener": "4 hr 0 min", "Collingwood General and Marine Hospital": "5+ hr 0 min", "Stevenson Memorial Hospital (Alliston)": "5 hr 0 min", "Childrens Hospital (London Health Sciences Centre)": "2 hr 45 min", "University Hospital (London Health Sciences Centre)": "4 hr 0 min", "Victoria Hospital (London Health Sciences Centre)": "4 hr 0 min", "Oshawa (Lakeridge Health)": "2 hr 16 min to3 hr 49 min", "Ajax (Lakeridge Health)": "1 hr 23 min to1 hr 57 min", "Bowmanville (Lakeridge Health)": "1 hr 1 min to1 hr 25 min", "Port Perry (Lakeridge Health)": "1 hr or less to1 hr 22 min", "Etobicoke (William Osler Health System)": "Not available", "Brampton Civic (William Osler Health System)": "Not available", "Peel Memorial Urgent Care (William Osler Health System)": "Not available", "CHEO (Childrens Hospital of Eastern Ontario)": "7 hr 26 min", "King Campus Urgent Care, St. Joseph\u2019s Healthcare Hamilton": "1 hr 48 min", "West End Urgent Care Centre": "1 hr 22 min", "McMaster Children\u2019s Hospital": "0 hr 56 min", "Hamilton General Hospital": "1 hr 38 min", "Juravinski Hospital and Cancer Centre": "1 hr 7 min", "St. Joseph\u2019s Healthcare Hamilton, Charlton Campus": "0 hr 19 min", "West Lincoln Memorial Hospital": "0 hr 45 min", "Cambridge Memorial": "Not available", "St. Catherines (Niagara Health)": "4 hr 30 min", "Niagara Falls (Niagara Health)": "3 hr 0 min", "Welland (Niagara Health)": "3 hr 30 min", "Brantford General": "2 hr 32 min", "Oakville Trafalgar Memorial (Halton Healthcare)": "2 hr 15 min", "Milton District (Halton Healthcare)": "0 hr 0 min", "Georgetown (Halton Healthcare)": "1 hr 32 min", "Sunnybrook": "2 hr 45 min", "Markham Stouffville (Oak Valley Health)": "2 hr 30 min", "Uxbridge (Oak Valley Health)": "5+ hr 0 min", "Joseph Brant Hospital, Burlington": "Not available", "Guelph General": "Not available", "Mackenzie Richmond Hill (Mackenzie Health)": "Not available", "Cortellucci Vaughan (Mackenzie Health)": "Not available", "Humber River Hospital": "Not available", "St. Josephs Health Centre (Unity) Toronto": "Not available", "St. Michaels (Unity) Toronto": "Not available", "North York General": "Not available", "Southlake": "Not available", "Queensway Carleton Hospital": "Not available", "Ottawa Civic (The Ottawa Hospital)": "Not available", "Ottawa General (The Ottawa Hospital)": "Not available"}}{"timestamp": "2025-09-21T18:51:01.086732+00:00", "data": {"Toronto General (University Health Network)": "2 hr 30 min", "Toronto Western (University Health Network)": "3 hr 14 min", "Windsor Regional Hospital - Oullette Campus": "Not available", "Windsor Regional Hospital - Metropolitan Campus": "1 hr 44 min", "Timmins and District Hospital": "0 hr 0 min", "West Parry Sound Hospital": "6 hr 0 min", "North Bay Regional Health Centre": "3 hr  49 min", "Georgian Bay, Midland": "2 hr 0 min", "Grand River, Kitchener": "3 hr  53 min", "St. Mary\u2019s General, Kitchener": "4 hr 0 min", "Collingwood General and Marine Hospital": "5+ hr 0 min", "Stevenson Memorial Hospital (Alliston)": "5 hr 30 min", "Childrens Hospital (London Health Sciences Centre)": "3 hr 0 min", "University Hospital (London Health Sciences Centre)": "4 hr 15 min", "Victoria Hospital (London Health Sciences Centre)": "4 hr 15 min", "Oshawa (Lakeridge Health)": "2 hr 19 min to3 hr 51 min", "Ajax (Lakeridge Health)": "1 hr 26 min to1 hr 58 min", "Bowmanville (Lakeridge Health)": "1 hr 1 min to1 hr 25 min", "Port Perry (Lakeridge Health)": "1 hr or less to1 hr 27 min", "Etobicoke (William Osler Health System)": "1 hr 18 min", "Brampton Civic (William Osler Health System)": "Not available", "Peel Memorial Urgent Care (William Osler Health System)": "Not available", "CHEO (Childrens Hospital of Eastern Ontario)": "7 hr 26 min", "King Campus Urgent Care, St. Joseph\u2019s Healthcare Hamilton": "1 hr 51 min", "West End Urgent Care Centre": "1 hr 28 min", "McMaster Children\u2019s Hospital": "0 hr 58 min", "Hamilton General Hospital": "1 hr 33 min", "Juravinski Hospital and Cancer Centre": "1 hr 23 min", "St. Joseph\u2019s Healthcare Hamilton, Charlton Campus": "0 hr 18 min", "West Lincoln Memorial Hospital": "0 hr 45 min", "Cambridge Memorial": "Not available", "St. Catherines (Niagara Health)": "4 hr 30 min", "Niagara Falls (Niagara Health)": "3 hr 30 min", "Welland (Niagara Health)": "3 hr 30 min", "Brantford General": "2 hr 47 min", "Oakville Trafalgar Memorial (Halton Healthcare)": "2 hr 21 min", "Milton District (Halton Healthcare)": "0 hr 26 min", "Georgetown (Halton Healthcare)": "1 hr 42 min", "Sunnybrook": "2 hr 29 min", "Markham Stouffville (Oak Valley Health)": "3 hr 0 min", "Uxbridge (Oak Valley Health)": "3 hr 0 min", "Joseph Brant Hospital, Burlington": "Not available", "Guelph General": "Not available", "Mackenzie Richmond Hill (Mackenzie Health)": "Not available", "Cortellucci Vaughan (Mackenzie Health)": "Not available", "Humber River Hospital": "Not available", "St. Josephs Health Centre (Unity) Toronto": "Not available", "St. Michaels (Unity) Toronto": "Not available", "North York General": "Not available", "Southlake": "Not available", "Queensway Carleton Hospital": "Not available", "Ottawa Civic (The Ottawa Hospital)": "Not available", "Ottawa General (The Ottawa Hospital)": "Not available"}}{"timestamp": "2025-09-21T19:10:52.651475+00:00", "data": {"Toronto General (University Health Network)": "2 hr 30 min", "Toronto Western (University Health Network)": "3 hr 14 min", "Windsor Regional Hospital - Oullette Campus": "1 hr 0 min", "Windsor Regional Hospital - Metropolitan Campus": "1 hr 35 min", "Timmins and District Hospital": "0 hr 31 min", "West Parry Sound Hospital": "6+ hr 0 min", "North Bay Regional Health Centre": "3 hr  55 min", "Georgian Bay, Midland": "1 hr 30 min", "Grand River, Kitchener": "4 hr  08 min", "St. Mary\u2019s General, Kitchener": "5+ hr 0 min", "Collingwood General and Marine Hospital": "5+ hr 0 min", "Stevenson Memorial Hospital (Alliston)": "5 hr 30 min", "Childrens Hospital (London Health Sciences Centre)": "3 hr 30 min", "University Hospital (London Health Sciences Centre)": "4 hr 45 min", "Victoria Hospital (London Health Sciences Centre)": "4 hr 45 min", "Oshawa (Lakeridge Health)": "2 hr 23 min to3 hr 52 min", "Ajax (Lakeridge Health)": "1 hr 27 min to2 hr 10 min", "Bowmanville (Lakeridge Health)": "1 hr 3 min to1 hr 25 min", "Port Perry (Lakeridge Health)": "1 hr or less to1 hr 29 min", "Etobicoke (William Osler Health System)": "1 hr 50 min", "Brampton Civic (William Osler Health System)": "Not available", "Peel Memorial Urgent Care (William Osler Health System)": "Not available", "CHEO (Childrens Hospital of Eastern Ontario)": "14 hr 30 min", "King Campus Urgent Care, St. Joseph\u2019s Healthcare Hamilton": "1 hr 51 min", "West End Urgent Care Centre": "1 hr 34 min", "McMaster Children\u2019s Hospital": "0 hr 58 min", "Hamilton General Hospital": "1 hr 32 min", "Juravinski Hospital and Cancer Centre": "1 hr 29 min", "St. Joseph\u2019s Healthcare Hamilton, Charlton Campus": "0 hr 16 min", "West Lincoln Memorial Hospital": "0 hr 45 min", "Cambridge Memorial": "Not available", "St. Catherines (Niagara Health)": "4 hr 30 min", "Niagara Falls (Niagara Health)": "3 hr 0 min", "Welland (Niagara Health)": "3 hr 0 min", "Brantford General": "2 hr 35 min", "Oakville Trafalgar Memorial (Halton Healthcare)": "2 hr 32 min", "Milton District (Halton Healthcare)": "0 hr 55 min", "Georgetown (Halton Healthcare)": "1 hr 58 min", "Sunnybrook": "3 hr 22 min", "Markham Stouffville (Oak Valley Health)": "3 hr 30 min", "Uxbridge (Oak Valley Health)": "2 hr 30 min", "Joseph Brant Hospital, Burlington": "Not available", "Guelph General": "Not available", "Mackenzie Richmond Hill (Mackenzie Health)": "Not available", "Cortellucci Vaughan (Mackenzie Health)": "Not available", "Humber River Hospital": "Not available", "St. Josephs Health Centre (Unity) Toronto": "Not available", "St. Michaels (Unity) Toronto": "Not available", "North York General": "Not available", "Southlake": "Not available", "Queensway Carleton Hospital": "Not available", "Ottawa Civic (The Ottawa Hospital)": "Not available", "Ottawa General (The Ottawa Hospital)": "Not available"}}{"timestamp": "2025-09-21T19:37:17.048262+00:00", "data": {"Toronto General (University Health Network)": "2 hr 30 min", "Toronto Western (University Health Network)": "3 hr 14 min", "Windsor Regional Hospital - Oullette Campus": "1 hr 19 min", "Windsor Regional Hospital - Metropolitan Campus": "Not available", "Timmins and District Hospital": "0 hr 31 min", "West Parry Sound Hospital": "6+ hr 0 min", "North Bay Regional Health Centre": "4 hr  7 min", "Georgian Bay, Midland": "0 hr 30 min", "Grand River, Kitchener": "3 hr  56 min", "St. Mary\u2019s General, Kitchener": "3 hr 30 min", "Collingwood General and Marine Hospital": "5+ hr 0 min", "Stevenson Memorial Hospital (Alliston)": "6+ hr 0 min", "Childrens Hospital (London Health Sciences Centre)": "3 hr 45 min", "University Hospital (London Health Sciences Centre)": "4 hr 15 min", "Victoria Hospital (London Health Sciences Centre)": "3 hr 45 min", "Oshawa (Lakeridge Health)": "Not available", "Ajax (Lakeridge Health)": "Not available", "Bowmanville (Lakeridge Health)": "Not available", "Port Perry (Lakeridge Health)": "Not available", "Etobicoke (William Osler Health System)": "Not available", "Brampton Civic (William Osler Health System)": "Not available", "Peel Memorial Urgent Care (William Osler Health System)": "Not available", "CHEO (Childrens Hospital of Eastern Ontario)": "14 hr 30 min", "King Campus Urgent Care, St. Joseph\u2019s Healthcare Hamilton": "1 hr 59 min", "West End Urgent Care Centre": "1 hr 40 min", "McMaster Children\u2019s Hospital": "0 hr 59 min", "Hamilton General Hospital": "1 hr 20 min", "Juravinski Hospital and Cancer Centre": "1 hr 39 min", "St. Joseph\u2019s Healthcare Hamilton, Charlton Campus": "0 hr 15 min", "West Lincoln Memorial Hospital": "0 hr 48 min", "Cambridge Memorial": "Not available", "St. Catherines (Niagara Health)": "4 hr 30 min", "Niagara Falls (Niagara Health)": "3 hr 0 min", "Welland (Niagara Health)": "3 hr 0 min", "Brantford General": "3 hr 5 min", "Oakville Trafalgar Memorial (Halton Healthcare)": "2 hr 29 min", "Milton District (Halton Healthcare)": "1 hr 1 min", "Georgetown (Halton Healthcare)": "2 hr 13 min", "Sunnybrook": "3 hr 7 min", "Markham Stouffville (Oak Valley Health)": "2 hr 30 min", "Uxbridge (Oak Valley Health)": "2 hr 30 min", "Joseph Brant Hospital, Burlington": "Not available", "Guelph General": "Not available", "Mackenzie Richmond Hill (Mackenzie Health)": "Not available", "Cortellucci Vaughan (Mackenzie Health)": "Not available", "Humber River Hospital": "Not available", "St. Josephs Health Centre (Unity) Toronto": "Not available", "St. Michaels (Unity) Toronto": "Not available", "North York General": "Not available", "Southlake": "Not available", "Queensway Carleton Hospital": "Not available", "Ottawa Civic (The Ottawa Hospital)": "Not available", "Ottawa General (The Ottawa Hospital)": "Not available"}}{"timestamp": "2025-09-21T19:51:16.421807+00:00", "data": {"Toronto General (University Health Network)": "2 hr 38 min", "Toronto Western (University Health Network)": "4 hr 18 min", "Windsor Regional Hospital - Oullette Campus": "Not available", "Windsor Regional Hospital - Metropolitan Campus": "Not available", "Timmins and District Hospital": "0 hr 31 min", "West Parry Sound Hospital": "6 hr 0 min", "North Bay Regional Health Centre": "4 hr  9 min", "Georgian Bay, Midland": "1 hr 30 min", "Grand River, Kitchener": "3 hr  21 min", "St. Mary\u2019s General, Kitchener": "4 hr 0 min", "Collingwood General and Marine Hospital": "4 hr 30 min", "Stevenson Memorial Hospital (Alliston)": "5 hr 0 min", "Childrens Hospital (London Health Sciences Centre)": "4 hr 0 min", "University Hospital (London Health Sciences Centre)": "4 hr 30 min", "Victoria Hospital (London Health Sciences Centre)": "4 hr 0 min", "Oshawa (Lakeridge Health)": "2 hr 23 min to3 hr 55 min", "Ajax (Lakeridge Health)": "1 hr 29 min to2 hr 17 min", "Bowmanville (Lakeridge Health)": "1 hr 10 min to1 hr 42 min", "Port Perry (Lakeridge Health)": "1 hr 2 min to1 hr 33 min", "Etobicoke (William Osler Health System)": "1 hr 50 min", "Brampton Civic (William Osler Health System)": "Not available", "Peel Memorial Urgent Care (William Osler Health System)": "Not available", "CHEO (Childrens Hospital of Eastern Ontario)": "14 hr 30 min", "King Campus Urgent Care, St. Joseph\u2019s Healthcare Hamilton": "2 hr 2 min", "West End Urgent Care Centre": "1 hr 45 min", "McMaster Children\u2019s Hospital": "1 hr 12 min", "Hamilton General Hospital": "1 hr 20 min", "Juravinski Hospital and Cancer Centre": "1 hr 41 min", "St. Joseph\u2019s Healthcare Hamilton, Charlton Campus": "0 hr 16 min", "West Lincoln Memorial Hospital": "0 hr 48 min", "Cambridge Memorial": "Not available", "St. Catherines (Niagara Health)": "4 hr 30 min", "Niagara Falls (Niagara Health)": "3 hr 0 min", "Welland (Niagara Health)": "3 hr 0 min", "Brantford General": "3 hr 8 min", "Oakville Trafalgar Memorial (Halton Healthcare)": "2 hr 23 min", "Milton District (Halton Healthcare)": "1 hr 14 min", "Georgetown (Halton Healthcare)": "2 hr 24 min", "Sunnybrook": "2 hr 57 min", "Markham Stouffville (Oak Valley Health)": "2 hr 30 min", "Uxbridge (Oak Valley Health)": "2 hr 30 min", "Joseph Brant Hospital, Burlington": "Not available", "Guelph General": "Not available", "Mackenzie Richmond Hill (Mackenzie Health)": "Not available", "Cortellucci Vaughan (Mackenzie Health)": "Not available", "Humber River Hospital": "Not available", "St. Josephs Health Centre (Unity) Toronto": "Not available", "St. Michaels (Unity) Toronto": "Not available", "North York General": "Not available", "Southlake": "Not available", "Queensway Carleton Hospital": "Not available", "Ottawa Civic (The Ottawa Hospital)": "Not available", "Ottawa General (The Ottawa Hospital)": "Not available"}}{"timestamp": "2025-09-21T20:10:21.509145+00:00", "data": {"Toronto General (University Health Network)": "2 hr 38 min", "Toronto Western (University Health Network)": "4 hr 18 min", "Windsor Regional Hospital - Oullette Campus": "Not available", "Windsor Regional Hospital - Metropolitan Campus": "Not available", "Timmins and District Hospital": "Not available", "West Parry Sound Hospital": "5 hr 30 min", "North Bay Regional Health Centre": "3 hr  59 min", "Georgian Bay, Midland": "1 hr 30 min", "Grand River, Kitchener": "3 hr  18 min", "St. Mary\u2019s General, Kitchener": "4 hr 0 min", "Collingwood General and Marine Hospital": "4 hr 30 min", "Stevenson Memorial Hospital (Alliston)": "5 hr 0 min", "Childrens Hospital (London Health Sciences Centre)": "3 hr 15 min", "University Hospital (London Health Sciences Centre)": "5 hr 0 min", "Victoria Hospital (London Health Sciences Centre)": "4 hr 30 min", "Oshawa (Lakeridge Health)": "2 hr 21 min to3 hr 51 min", "Ajax (Lakeridge Health)": "1 hr 32 min to2 hr 31 min", "Bowmanville (Lakeridge Health)": "1 hr 22 min to2 hr 8 min", "Port Perry (Lakeridge Health)": "1 hr 10 min to1 hr 53 min", "Etobicoke (William Osler Health System)": "2 hr 6 min", "Brampton Civic (William Osler Health System)": "Not available", "Peel Memorial Urgent Care (William Osler Health System)": "Not available", "CHEO (Childrens Hospital of Eastern Ontario)": "10 hr 18 min", "King Campus Urgent Care, St. Joseph\u2019s Healthcare Hamilton": "2 hr 6 min", "West End Urgent Care Centre": "1 hr 50 min", "McMaster Children\u2019s Hospital": "1 hr 24 min", "Hamilton General Hospital": "1 hr 22 min", "Juravinski Hospital and Cancer Centre": "1 hr 47 min", "St. Joseph\u2019s Healthcare Hamilton, Charlton Campus": "0 hr 16 min", "West Lincoln Memorial Hospital": "0 hr 49 min", "Cambridge Memorial": "Not available", "St. Catherines (Niagara Health)": "4 hr 0 min", "Niagara Falls (Niagara Health)": "3 hr 0 min", "Welland (Niagara Health)": "3 hr 0 min", "Brantford General": "2 hr 41 min", "Oakville Trafalgar Memorial (Halton Healthcare)": "2 hr 47 min", "Milton District (Halton Healthcare)": "1 hr 39 min", "Georgetown (Halton Healthcare)": "2 hr 5 min", "Sunnybrook": "3 hr 43 min", "Markham Stouffville (Oak Valley Health)": "2 hr 30 min", "Uxbridge (Oak Valley Health)": "2 hr 0 min", "Joseph Brant Hospital, Burlington": "Not available", "Guelph General": "Not available", "Mackenzie Richmond Hill (Mackenzie Health)": "Not available", "Cortellucci Vaughan (Mackenzie Health)": "Not available", "Humber River Hospital": "Not available", "St. Josephs Health Centre (Unity) Toronto": "Not available", "St. Michaels (Unity) Toronto": "Not available", "North York General": "Not available", "Southlake": "Not available", "Queensway Carleton Hospital": "Not available", "Ottawa Civic (The Ottawa Hospital)": "Not available", "Ottawa General (The Ottawa Hospital)": "Not available"}}{"timestamp": "2025-09-21T20:25:02.714621+00:00", "data": {"Toronto General (University Health Network)": "2 hr 38 min", "Toronto Western (University Health Network)": "4 hr 18 min", "Windsor Regional Hospital - Oullette Campus": "Not available", "Windsor Regional Hospital - Metropolitan Campus": "Not available", "Timmins and District Hospital": "Not available", "West Parry Sound Hospital": "5 hr 30 min", "North Bay Regional Health Centre": "4 hr  6 min", "Georgian Bay, Midland": "1 hr 30 min", "Grand River, Kitchener": "3 hr  01 min", "St. Mary\u2019s General, Kitchener": "3 hr 30 min", "Collingwood General and Marine Hospital": "4 hr 30 min", "Stevenson Memorial Hospital (Alliston)": "5 hr 0 min", "Childrens Hospital (London Health Sciences Centre)": "3 hr 30 min", "University Hospital (London Health Sciences Centre)": "5 hr 0 min", "Victoria Hospital (London Health Sciences Centre)": "4 hr 45 min", "Oshawa (Lakeridge Health)": "2 hr 25 min to3 hr 54 min", "Ajax (Lakeridge Health)": "1 hr 31 min to2 hr 49 min", "Bowmanville (Lakeridge Health)": "1 hr 30 min to2 hr 9 min", "Port Perry (Lakeridge Health)": "1 hr 13 min to1 hr 54 min", "Etobicoke (William Osler Health System)": "2 hr 6 min", "Brampton Civic (William Osler Health System)": "Not available", "Peel Memorial Urgent Care (William Osler Health System)": "Not available", "CHEO (Childrens Hospital of Eastern Ontario)": "10 hr 18 min", "King Campus Urgent Care, St. Joseph\u2019s Healthcare Hamilton": "2 hr 11 min", "West End Urgent Care Centre": "1 hr 57 min", "McMaster Children\u2019s Hospital": "1 hr 28 min", "Hamilton General Hospital": "1 hr 17 min", "Juravinski Hospital and Cancer Centre": "1 hr 49 min", "St. Joseph\u2019s Healthcare Hamilton, Charlton Campus": "0 hr 17 min", "West Lincoln Memorial Hospital": "0 hr 52 min", "Cambridge Memorial": "Not available", "St. Catherines (Niagara Health)": "4 hr 30 min", "Niagara Falls (Niagara Health)": "3 hr 0 min", "Welland (Niagara Health)": "3 hr 0 min", "Brantford General": "2 hr 56 min", "Oakville Trafalgar Memorial (Halton Healthcare)": "2 hr 38 min", "Milton District (Halton Healthcare)": "1 hr 40 min", "Georgetown (Halton Healthcare)": "2 hr 6 min", "Sunnybrook": "3 hr 52 min", "Markham Stouffville (Oak Valley Health)": "2 hr 30 min", "Uxbridge (Oak Valley Health)": "2 hr 0 min", "Joseph Brant Hospital, Burlington": "Not available", "Guelph General": "Not available", "Mackenzie Richmond Hill (Mackenzie Health)": "Not available", "Cortellucci Vaughan (Mackenzie Health)": "Not available", "Humber River Hospital": "Not available", "St. Josephs Health Centre (Unity) Toronto": "Not available", "St. Michaels (Unity) Toronto": "Not available", "North York General": "Not available", "Southlake": "Not available", "Queensway Carleton Hospital": "Not available", "Ottawa Civic (The Ottawa Hospital)": "Not available", "Ottawa General (The Ottawa Hospital)": "Not available"}}{"timestamp": "2025-09-21T21:10:59.553645+00:00", "data": {"Toronto General (University Health Network)": "2 hr 30 min", "Toronto Western (University Health Network)": "4 hr 9 min", "Windsor Regional Hospital - Oullette Campus": "Not available", "Windsor Regional Hospital - Metropolitan Campus": "Not available", "Timmins and District Hospital": "0 hr 0 min", "West Parry Sound Hospital": "5 hr 30 min", "North Bay Regional Health Centre": "4 hr  33 min", "Georgian Bay, Midland": "1 hr 30 min", "Grand River, Kitchener": "2 hr  25 min", "St. Mary\u2019s General, Kitchener": "3 hr 0 min", "Collingwood General and Marine Hospital": "5+ hr 0 min", "Stevenson Memorial Hospital (Alliston)": "5 hr 0 min", "Childrens Hospital (London Health Sciences Centre)": "4 hr 15 min", "University Hospital (London Health Sciences Centre)": "5 hr 45 min", "Victoria Hospital (London Health Sciences Centre)": "5 hr 30 min", "Oshawa (Lakeridge Health)": "2 hr 26 min to4 hr 3 min", "Ajax (Lakeridge Health)": "1 hr 33 min to3 hr 12 min", "Bowmanville (Lakeridge Health)": "1 hr 38 min to2 hr 9 min", "Port Perry (Lakeridge Health)": "1 hr 19 min to2 hr 24 min", "Etobicoke (William Osler Health System)": "2 hr 9 min", "Brampton Civic (William Osler Health System)": "Not available", "Peel Memorial Urgent Care (William Osler Health System)": "Not available", "CHEO (Childrens Hospital of Eastern Ontario)": "12 hr 56 min", "King Campus Urgent Care, St. Joseph\u2019s Healthcare Hamilton": "2 hr 10 min", "West End Urgent Care Centre": "2 hr 18 min", "McMaster Children\u2019s Hospital": "1 hr 34 min", "Hamilton General Hospital": "1 hr 23 min", "Juravinski Hospital and Cancer Centre": "1 hr 52 min", "St. Joseph\u2019s Healthcare Hamilton, Charlton Campus": "0 hr 19 min", "West Lincoln Memorial Hospital": "0 hr 56 min", "Cambridge Memorial": "Not available", "St. Catherines (Niagara Health)": "4 hr 30 min", "Niagara Falls (Niagara Health)": "2 hr 30 min", "Welland (Niagara Health)": "2 hr 30 min", "Brantford General": "2 hr 11 min", "Oakville Trafalgar Memorial (Halton Healthcare)": "2 hr 58 min", "Milton District (Halton Healthcare)": "1 hr 20 min", "Georgetown (Halton Healthcare)": "2 hr 51 min", "Sunnybrook": "2 hr 57 min", "Markham Stouffville (Oak Valley Health)": "3 hr 0 min", "Uxbridge (Oak Valley Health)": "2 hr 30 min", "Joseph Brant Hospital, Burlington": "Not available", "Guelph General": "Not available", "Mackenzie Richmond Hill (Mackenzie Health)": "Not available", "Cortellucci Vaughan (Mackenzie Health)": "Not available", "Humber River Hospital": "Not available", "St. Josephs Health Centre (Unity) Toronto": "Not available", "St. Michaels (Unity) Toronto": "Not available", "North York General": "Not available", "Southlake": "Not available", "Queensway Carleton Hospital": "Not available", "Ottawa Civic (The Ottawa Hospital)": "Not available", "Ottawa General (The Ottawa Hospital)": "Not available"}}{"timestamp": "2025-09-21T22:10:48.453783+00:00", "data": {"Toronto General (University Health Network)": "2 hr 33 min", "Toronto Western (University Health Network)": "4 hr 9 min", "Windsor Regional Hospital - Oullette Campus": "Not available", "Windsor Regional Hospital - Metropolitan Campus": "0 hr 49 min", "Timmins and District Hospital": "0 hr 0 min", "West Parry Sound Hospital": "3 hr 30 min", "North Bay Regional Health Centre": "5 hr  15 min", "Georgian Bay, Midland": "2 hr 0 min", "Grand River, Kitchener": "1 hr  23 min", "St. Mary\u2019s General, Kitchener": "2 hr 0 min", "Collingwood General and Marine Hospital": "5+ hr 0 min", "Stevenson Memorial Hospital (Alliston)": "4 hr 30 min", "Childrens Hospital (London Health Sciences Centre)": "2 hr 15 min", "University Hospital (London Health Sciences Centre)": "4 hr 30 min", "Victoria Hospital (London Health Sciences Centre)": "6 hr 30 min", "Oshawa (Lakeridge Health)": "2 hr 23 min to4 hr 2 min", "Ajax (Lakeridge Health)": "1 hr 59 min to3 hr 23 min", "Bowmanville (Lakeridge Health)": "1 hr 55 min to2 hr 25 min", "Port Perry (Lakeridge Health)": "1 hr 40 min to2 hr 51 min", "Etobicoke (William Osler Health System)": "2 hr 14 min", "Brampton Civic (William Osler Health System)": "Not available", "Peel Memorial Urgent Care (William Osler Health System)": "Not available", "CHEO (Childrens Hospital of Eastern Ontario)": "13 hr 44 min", "King Campus Urgent Care, St. Joseph\u2019s Healthcare Hamilton": "2 hr 9 min", "West End Urgent Care Centre": "2 hr 28 min", "McMaster Children\u2019s Hospital": "2 hr 5 min", "Hamilton General Hospital": "1 hr 15 min", "Juravinski Hospital and Cancer Centre": "2 hr 11 min", "St. Joseph\u2019s Healthcare Hamilton, Charlton Campus": "0 hr 29 min", "West Lincoln Memorial Hospital": "0 hr 52 min", "Cambridge Memorial": "Not available", "St. Catherines (Niagara Health)": "4 hr 30 min", "Niagara Falls (Niagara Health)": "2 hr 30 min", "Welland (Niagara Health)": "2 hr 30 min", "Brantford General": "2 hr 37 min", "Oakville Trafalgar Memorial (Halton Healthcare)": "2 hr 22 min", "Milton District (Halton Healthcare)": "1 hr 56 min", "Georgetown (Halton Healthcare)": "3 hr 30 min", "Sunnybrook": "2 hr 54 min", "Markham Stouffville (Oak Valley Health)": "2 hr 0 min", "Uxbridge (Oak Valley Health)": "2 hr 0 min", "Joseph Brant Hospital, Burlington": "Not available", "Guelph General": "Not available", "Mackenzie Richmond Hill (Mackenzie Health)": "Not available", "Cortellucci Vaughan (Mackenzie Health)": "Not available", "Humber River Hospital": "Not available", "St. Josephs Health Centre (Unity) Toronto": "Not available", "St. Michaels (Unity) Toronto": "Not available", "North York General": "Not available", "Southlake": "Not available", "Queensway Carleton Hospital": "Not available", "Ottawa Civic (The Ottawa Hospital)": "Not available", "Ottawa General (The Ottawa Hospital)": "Not available"}}{"timestamp": "2025-09-21T22:25:33.140802+00:00", "data": {"Toronto General (University Health Network)": "2 hr 33 min", "Toronto Western (University Health Network)": "4 hr 9 min", "Windsor Regional Hospital - Oullette Campus": "1 hr 48 min", "Windsor Regional Hospital - Metropolitan Campus": "Not available", "Timmins and District Hospital": "0 hr 0 min", "West Parry Sound Hospital": "3 hr 30 min", "North Bay Regional Health Centre": "5 hr  12 min", "Georgian Bay, Midland": "1 hr 30 min", "Grand River, Kitchener": "1 hr  42 min", "St. Mary\u2019s General, Kitchener": "2 hr 0 min", "Collingwood General and Marine Hospital": "5+ hr 0 min", "Stevenson Memorial Hospital (Alliston)": "4 hr 30 min", "Childrens Hospital (London Health Sciences Centre)": "2 hr 30 min", "University Hospital (London Health Sciences Centre)": "4 hr 45 min", "Victoria Hospital (London Health Sciences Centre)": "6 hr 15 min", "Oshawa (Lakeridge Health)": "2 hr 29 min to4 hr 16 min", "Ajax (Lakeridge Health)": "2 hr 14 min to3 hr 33 min", "Bowmanville (Lakeridge Health)": "1 hr 57 min to2 hr 33 min", "Port Perry (Lakeridge Health)": "1 hr 59 min to3 hr 14 min", "Etobicoke (William Osler Health System)": "2 hr 14 min", "Brampton Civic (William Osler Health System)": "Not available", "Peel Memorial Urgent Care (William Osler Health System)": "Not available", "CHEO (Childrens Hospital of Eastern Ontario)": "13 hr 44 min", "King Campus Urgent Care, St. Joseph\u2019s Healthcare Hamilton": "2 hr 9 min", "West End Urgent Care Centre": "2 hr 40 min", "McMaster Children\u2019s Hospital": "2 hr 9 min", "Hamilton General Hospital": "1 hr 15 min", "Juravinski Hospital and Cancer Centre": "2 hr 12 min", "St. Joseph\u2019s Healthcare Hamilton, Charlton Campus": "0 hr 29 min", "West Lincoln Memorial Hospital": "0 hr 54 min", "Cambridge Memorial": "Not available", "St. Catherines (Niagara Health)": "4 hr 30 min", "Niagara Falls (Niagara Health)": "2 hr 30 min", "Welland (Niagara Health)": "3 hr 0 min", "Brantford General": "0 hr 54 min", "Oakville Trafalgar Memorial (Halton Healthcare)": "2 hr 37 min", "Milton District (Halton Healthcare)": "2 hr 17 min", "Georgetown (Halton Healthcare)": "3 hr 4 min", "Sunnybrook": "2 hr 45 min", "Markham Stouffville (Oak Valley Health)": "2 hr 0 min", "Uxbridge (Oak Valley Health)": "2 hr 0 min", "Joseph Brant Hospital, Burlington": "Not available", "Guelph General": "Not available", "Mackenzie Richmond Hill (Mackenzie Health)": "Not available", "Cortellucci Vaughan (Mackenzie Health)": "Not available", "Humber River Hospital": "Not available", "St. Josephs Health Centre (Unity) Toronto": "Not available", "St. Michaels (Unity) Toronto": "Not available", "North York General": "Not available", "Southlake": "Not available", "Queensway Carleton Hospital": "Not available", "Ottawa Civic (The Ottawa Hospital)": "Not available", "Ottawa General (The Ottawa Hospital)": "Not available"}}{"timestamp": "2025-09-21T22:35:02.460900+00:00", "data": {"Toronto General (University Health Network)": "2 hr 33 min", "Toronto Western (University Health Network)": "4 hr 9 min", "Windsor Regional Hospital - Oullette Campus": "Not available", "Windsor Regional Hospital - Metropolitan Campus": "Not available", "Timmins and District Hospital": "Not available", "West Parry Sound Hospital": "3 hr 30 min", "North Bay Regional Health Centre": "5 hr  9 min", "Georgian Bay, Midland": "2 hr 0 min", "Grand River, Kitchener": "1 hr  42 min", "St. Mary\u2019s General, Kitchener": "1 hr 30 min", "Collingwood General and Marine Hospital": "5+ hr 0 min", "Stevenson Memorial Hospital (Alliston)": "4 hr 30 min", "Childrens Hospital (London Health Sciences Centre)": "2 hr 30 min", "University Hospital (London Health Sciences Centre)": "4 hr 45 min", "Victoria Hospital (London Health Sciences Centre)": "6 hr 15 min", "Oshawa (Lakeridge Health)": "2 hr 29 min to4 hr 16 min", "Ajax (Lakeridge Health)": "2 hr 14 min to3 hr 33 min", "Bowmanville (Lakeridge Health)": "1 hr 57 min to2 hr 33 min", "Port Perry (Lakeridge Health)": "1 hr 59 min to3 hr 14 min", "Etobicoke (William Osler Health System)": "2 hr 14 min", "Brampton Civic (William Osler Health System)": "Not available", "Peel Memorial Urgent Care (William Osler Health System)": "Not available", "CHEO (Childrens Hospital of Eastern Ontario)": "13 hr 44 min", "King Campus Urgent Care, St. Joseph\u2019s Healthcare Hamilton": "2 hr 8 min", "West End Urgent Care Centre": "2 hr 42 min", "McMaster Children\u2019s Hospital": "2 hr 15 min", "Hamilton General Hospital": "1 hr 8 min", "Juravinski Hospital and Cancer Centre": "2 hr 18 min", "St. Joseph\u2019s Healthcare Hamilton, Charlton Campus": "0 hr 32 min", "West Lincoln Memorial Hospital": "0 hr 50 min", "Cambridge Memorial": "Not available", "St. Catherines (Niagara Health)": "4 hr 30 min", "Niagara Falls (Niagara Health)": "2 hr 30 min", "Welland (Niagara Health)": "2 hr 30 min", "Brantford General": "1 hr 9 min", "Oakville Trafalgar Memorial (Halton Healthcare)": "2 hr 37 min", "Milton District (Halton Healthcare)": "2 hr 17 min", "Georgetown (Halton Healthcare)": "3 hr 4 min", "Sunnybrook": "2 hr 45 min", "Markham Stouffville (Oak Valley Health)": "2 hr 0 min", "Uxbridge (Oak Valley Health)": "2 hr 0 min", "Joseph Brant Hospital, Burlington": "Not available", "Guelph General": "Not available", "Mackenzie Richmond Hill (Mackenzie Health)": "Not available", "Cortellucci Vaughan (Mackenzie Health)": "Not available", "Humber River Hospital": "Not available", "St. Josephs Health Centre (Unity) Toronto": "Not available", "St. Michaels (Unity) Toronto": "Not available", "North York General": "Not available", "Southlake": "Not available", "Queensway Carleton Hospital": "Not available", "Ottawa Civic (The Ottawa Hospital)": "Not available", "Ottawa General (The Ottawa Hospital)": "Not available"}}{"timestamp": "2025-09-21T22:50:08.641313+00:00", "data": {"Toronto General (University Health Network)": "2 hr 30 min", "Toronto Western (University Health Network)": "4 hr 4 min", "Windsor Regional Hospital - Oullette Campus": "Not available", "Windsor Regional Hospital - Metropolitan Campus": "0 hr 52 min", "Timmins and District Hospital": "Not available", "West Parry Sound Hospital": "4 hr 0 min", "North Bay Regional Health Centre": "5 hr  14 min", "Georgian Bay, Midland": "2 hr 0 min", "Grand River, Kitchener": "1 hr  57 min", "St. Mary\u2019s General, Kitchener": "2 hr 0 min", "Collingwood General and Marine Hospital": "5+ hr 0 min", "Stevenson Memorial Hospital (Alliston)": "4 hr 30 min", "Childrens Hospital (London Health Sciences Centre)": "2 hr 30 min", "University Hospital (London Health Sciences Centre)": "5 hr 0 min", "Victoria Hospital (London Health Sciences Centre)": "6 hr 30 min", "Oshawa (Lakeridge Health)": "2 hr 30 min to4 hr 17 min", "Ajax (Lakeridge Health)": "2 hr 17 min to3 hr 35 min", "Bowmanville (Lakeridge Health)": "1 hr 58 min to2 hr 36 min", "Port Perry (Lakeridge Health)": "1 hr 59 min to3 hr 14 min", "Etobicoke (William Osler Health System)": "1 hr 52 min", "Brampton Civic (William Osler Health System)": "Not available", "Peel Memorial Urgent Care (William Osler Health System)": "Not available", "CHEO (Childrens Hospital of Eastern Ontario)": "13 hr 44 min", "King Campus Urgent Care, St. Joseph\u2019s Healthcare Hamilton": "2 hr 9 min", "West End Urgent Care Centre": "2 hr 48 min", "McMaster Children\u2019s Hospital": "2 hr 15 min", "Hamilton General Hospital": "1 hr 8 min", "Juravinski Hospital and Cancer Centre": "2 hr 24 min", "St. Joseph\u2019s Healthcare Hamilton, Charlton Campus": "0 hr 35 min", "West Lincoln Memorial Hospital": "0 hr 49 min", "Cambridge Memorial": "Not available", "St. Catherines (Niagara Health)": "5 hr 0 min", "Niagara Falls (Niagara Health)": "2 hr 30 min", "Welland (Niagara Health)": "2 hr 30 min", "Brantford General": "1 hr 14 min", "Oakville Trafalgar Memorial (Halton Healthcare)": "2 hr 52 min", "Milton District (Halton Healthcare)": "2 hr 10 min", "Georgetown (Halton Healthcare)": "2 hr 46 min", "Sunnybrook": "2 hr 59 min", "Markham Stouffville (Oak Valley Health)": "2 hr 0 min", "Uxbridge (Oak Valley Health)": "2 hr 0 min", "Joseph Brant Hospital, Burlington": "Not available", "Guelph General": "Not available", "Mackenzie Richmond Hill (Mackenzie Health)": "Not available", "Cortellucci Vaughan (Mackenzie Health)": "Not available", "Humber River Hospital": "Not available", "St. Josephs Health Centre (Unity) Toronto": "Not available", "St. Michaels (Unity) Toronto": "Not available", "North York General": "Not available", "Southlake": "Not available", "Queensway Carleton Hospital": "Not available", "Ottawa Civic (The Ottawa Hospital)": "Not available", "Ottawa General (The Ottawa Hospital)": "Not available"}}{"timestamp": "2025-09-21T23:10:11.481472+00:00", "data": {"Toronto General (University Health Network)": "2 hr 30 min", "Toronto Western (University Health Network)": "4 hr 4 min", "Windsor Regional Hospital - Oullette Campus": "Not available", "Windsor Regional Hospital - Metropolitan Campus": "Not available", "Timmins and District Hospital": "Not available", "West Parry Sound Hospital": "3 hr 30 min", "North Bay Regional Health Centre": "5 hr  14 min", "Georgian Bay, Midland": "1 hr 30 min", "Grand River, Kitchener": "2 hr  12 min", "St. Mary\u2019s General, Kitchener": "1 hr 30 min", "Collingwood General and Marine Hospital": "5+ hr 0 min", "Stevenson Memorial Hospital (Alliston)": "5 hr 0 min", "Childrens Hospital (London Health Sciences Centre)": "2 hr 15 min", "University Hospital (London Health Sciences Centre)": "5 hr 30 min", "Victoria Hospital (London Health Sciences Centre)": "7 hr 0 min", "Oshawa (Lakeridge Health)": "2 hr 24 min to4 hr 11 min", "Ajax (Lakeridge Health)": "2 hr 35 min to3 hr 44 min", "Bowmanville (Lakeridge Health)": "2 hr 3 min to2 hr 50 min", "Port Perry (Lakeridge Health)": "2 hr 28 min to3 hr 33 min", "Etobicoke (William Osler Health System)": "1 hr 55 min", "Brampton Civic (William Osler Health System)": "Not available", "Peel Memorial Urgent Care (William Osler Health System)": "Not available", "CHEO (Childrens Hospital of Eastern Ontario)": "13 hr 18 min", "King Campus Urgent Care, St. Joseph\u2019s Healthcare Hamilton": "2 hr 10 min", "West End Urgent Care Centre": "2 hr 54 min", "McMaster Children\u2019s Hospital": "2 hr 18 min", "Hamilton General Hospital": "1 hr 8 min", "Juravinski Hospital and Cancer Centre": "2 hr 23 min", "St. Joseph\u2019s Healthcare Hamilton, Charlton Campus": "0 hr 37 min", "West Lincoln Memorial Hospital": "0 hr 46 min", "Cambridge Memorial": "Not available", "St. Catherines (Niagara Health)": "4 hr 30 min", "Niagara Falls (Niagara Health)": "3 hr 0 min", "Welland (Niagara Health)": "2 hr 30 min", "Brantford General": "1 hr 29 min", "Oakville Trafalgar Memorial (Halton Healthcare)": "2 hr 36 min", "Milton District (Halton Healthcare)": "2 hr 38 min", "Georgetown (Halton Healthcare)": "3 hr 17 min", "Sunnybrook": "3 hr 3 min", "Markham Stouffville (Oak Valley Health)": "2 hr 0 min", "Uxbridge (Oak Valley Health)": "2 hr 0 min", "Joseph Brant Hospital, Burlington": "Not available", "Guelph General": "Not available", "Mackenzie Richmond Hill (Mackenzie Health)": "Not available", "Cortellucci Vaughan (Mackenzie Health)": "Not available", "Humber River Hospital": "Not available", "St. Josephs Health Centre (Unity) Toronto": "Not available", "St. Michaels (Unity) Toronto": "Not available", "North York General": "Not available", "Southlake": "Not available", "Queensway Carleton Hospital": "Not available", "Ottawa Civic (The Ottawa Hospital)": "Not available", "Ottawa General (The Ottawa Hospital)": "Not available"}}{"timestamp": "2025-09-21T23:25:14.086083+00:00", "data": {"Toronto General (University Health Network)": "2 hr 30 min", "Toronto Western (University Health Network)": "4 hr 4 min", "Windsor Regional Hospital - Oullette Campus": "Not available", "Windsor Regional Hospital - Metropolitan Campus": "Not available", "Timmins and District Hospital": "Not available", "West Parry Sound Hospital": "3 hr 0 min", "North Bay Regional Health Centre": "5 hr  19 min", "Georgian Bay, Midland": "3 hr 0 min", "Grand River, Kitchener": "1 hr  11 min", "St. Mary\u2019s General, Kitchener": "2 hr 0 min", "Collingwood General and Marine Hospital": "5+ hr 0 min", "Stevenson Memorial Hospital (Alliston)": "5 hr 0 min", "Childrens Hospital (London Health Sciences Centre)": "2 hr 15 min", "University Hospital (London Health Sciences Centre)": "5 hr 45 min", "Victoria Hospital (London Health Sciences Centre)": "7 hr 15 min", "Oshawa (Lakeridge Health)": "2 hr 20 min to4 hr 10 min", "Ajax (Lakeridge Health)": "2 hr 41 min to3 hr 48 min", "Bowmanville (Lakeridge Health)": "2 hr 4 min to2 hr 51 min", "Port Perry (Lakeridge Health)": "2 hr 31 min to3 hr 34 min", "Etobicoke (William Osler Health System)": "1 hr 55 min", "Brampton Civic (William Osler Health System)": "Not available", "Peel Memorial Urgent Care (William Osler Health System)": "Not available", "CHEO (Childrens Hospital of Eastern Ontario)": "13 hr 18 min", "King Campus Urgent Care, St. Joseph\u2019s Healthcare Hamilton": "2 hr 8 min", "West End Urgent Care Centre": "2 hr 59 min", "McMaster Children\u2019s Hospital": "2 hr 20 min", "Hamilton General Hospital": "1 hr 9 min", "Juravinski Hospital and Cancer Centre": "2 hr 33 min", "St. Joseph\u2019s Healthcare Hamilton, Charlton Campus": "0 hr 40 min", "West Lincoln Memorial Hospital": "0 hr 44 min", "Cambridge Memorial": "Not available", "St. Catherines (Niagara Health)": "4 hr 30 min", "Niagara Falls (Niagara Health)": "3 hr 30 min", "Welland (Niagara Health)": "2 hr 30 min", "Brantford General": "1 hr 44 min", "Oakville Trafalgar Memorial (Halton Healthcare)": "2 hr 34 min", "Milton District (Halton Healthcare)": "2 hr 35 min", "Georgetown (Halton Healthcare)": "3 hr 31 min", "Sunnybrook": "3 hr 30 min", "Markham Stouffville (Oak Valley Health)": "2 hr 0 min", "Uxbridge (Oak Valley Health)": "2 hr 0 min", "Joseph Brant Hospital, Burlington": "Not available", "Guelph General": "Not available", "Mackenzie Richmond Hill (Mackenzie Health)": "Not available", "Cortellucci Vaughan (Mackenzie Health)": "Not available", "Humber River Hospital": "Not available", "St. Josephs Health Centre (Unity) Toronto": "Not available", "St. Michaels (Unity) Toronto": "Not available", "North York General": "Not available", "Southlake": "Not available", "Queensway Carleton Hospital": "Not available", "Ottawa Civic (The Ottawa Hospital)": "Not available", "Ottawa General (The Ottawa Hospital)": "Not available"}}{"timestamp": "2025-09-21T23:35:10.022035+00:00", "data": {"Toronto General (University Health Network)": "2 hr 30 min", "Toronto Western (University Health Network)": "4 hr 4 min", "Windsor Regional Hospital - Oullette Campus": "Not available", "Windsor Regional Hospital - Metropolitan Campus": "Not available", "Timmins and District Hospital": "Not available", "West Parry Sound Hospital": "3 hr 0 min", "North Bay Regional Health Centre": "5 hr  33 min", "Georgian Bay, Midland": "3 hr 0 min", "Grand River, Kitchener": "1 hr  26 min", "St. Mary\u2019s General, Kitchener": "2 hr 0 min", "Collingwood General and Marine Hospital": "5+ hr 0 min", "Stevenson Memorial Hospital (Alliston)": "4 hr 30 min", "Childrens Hospital (London Health Sciences Centre)": "2 hr 15 min", "University Hospital (London Health Sciences Centre)": "5 hr 45 min", "Victoria Hospital (London Health Sciences Centre)": "7 hr 15 min", "Oshawa (Lakeridge Health)": "2 hr 20 min to4 hr 10 min", "Ajax (Lakeridge Health)": "2 hr 41 min to3 hr 48 min", "Bowmanville (Lakeridge Health)": "2 hr 4 min to2 hr 51 min", "Port Perry (Lakeridge Health)": "2 hr 31 min to3 hr 34 min", "Etobicoke (William Osler Health System)": "1 hr 55 min", "Brampton Civic (William Osler Health System)": "Not available", "Peel Memorial Urgent Care (William Osler Health System)": "Not available", "CHEO (Childrens Hospital of Eastern Ontario)": "13 hr 18 min", "King Campus Urgent Care, St. Joseph\u2019s Healthcare Hamilton": "2 hr 9 min", "West End Urgent Care Centre": "3 hr 4 min", "McMaster Children\u2019s Hospital": "2 hr 17 min", "Hamilton General Hospital": "1 hr 9 min", "Juravinski Hospital and Cancer Centre": "2 hr 32 min", "St. Joseph\u2019s Healthcare Hamilton, Charlton Campus": "0 hr 42 min", "West Lincoln Memorial Hospital": "0 hr 44 min", "Cambridge Memorial": "Not available", "St. Catherines (Niagara Health)": "4 hr 30 min", "Niagara Falls (Niagara Health)": "3 hr 30 min", "Welland (Niagara Health)": "3 hr 0 min", "Brantford General": "1 hr 49 min", "Oakville Trafalgar Memorial (Halton Healthcare)": "2 hr 34 min", "Milton District (Halton Healthcare)": "2 hr 35 min", "Georgetown (Halton Healthcare)": "3 hr 31 min", "Sunnybrook": "3 hr 30 min", "Markham Stouffville (Oak Valley Health)": "1 hr 30 min", "Uxbridge (Oak Valley Health)": "2 hr 0 min", "Joseph Brant Hospital, Burlington": "Not available", "Guelph General": "Not available", "Mackenzie Richmond Hill (Mackenzie Health)": "Not available", "Cortellucci Vaughan (Mackenzie Health)": "Not available", "Humber River Hospital": "Not available", "St. Josephs Health Centre (Unity) Toronto": "Not available", "St. Michaels (Unity) Toronto": "Not available", "North York General": "Not available", "Southlake": "Not available", "Queensway Carleton Hospital": "Not available", "Ottawa Civic (The Ottawa Hospital)": "Not available", "Ottawa General (The Ottawa Hospital)": "Not available"}}