{"timestamp": "2025-11-22T00:25:15.699776+00:00", "data": {"Toronto General (University Health Network)": "1 hr 48 min", "Toronto Western (University Health Network)": "1 hr 15 min", "Windsor Regional Hospital - Oullette Campus": "Not available", "Windsor Regional Hospital - Metropolitan Campus": "Not available", "Timmins and District Hospital": "0 hr 0 min", "West Parry Sound Hospital": "4 hr 0 min", "North Bay Regional Health Centre": "4 hr  56 min", "Georgian Bay, Midland": "Not available", "Grand River, Kitchener": "2 hr  25 min", "St. Mary\u2019s General, Kitchener": "2 hr 30 min", "Collingwood General and Marine Hospital": "2 hr 0 min", "Stevenson Memorial Hospital (Alliston)": "5 hr 0 min", "Childrens Hospital (London Health Sciences Centre)": "3 hr 0 min", "University Hospital (London Health Sciences Centre)": "6 hr 0 min", "Victoria Hospital (London Health Sciences Centre)": "7 hr 45 min", "Oshawa (Lakeridge Health)": "2 hr 15 min to3 hr 47 min", "Ajax (Lakeridge Health)": "2 hr 16 min to3 hr 40 min", "Bowmanville (Lakeridge Health)": "2 hr 10 min to3 hr 10 min", "Port Perry (Lakeridge Health)": "1 hr 19 min to1 hr 50 min", "Etobicoke (William Osler Health System)": "1 hr 25 min", "Brampton Civic (William Osler Health System)": "Not available", "Peel Memorial Urgent Care (William Osler Health System)": "Not available", "CHEO (Childrens Hospital of Eastern Ontario)": "12 hr 23 min", "King Campus Urgent Care, St. Joseph\u2019s Healthcare Hamilton": "1 hr 42 min", "West End Urgent Care Centre": "1 hr 28 min", "McMaster Children\u2019s Hospital": "2 hr 9 min", "Hamilton General Hospital": "1 hr 53 min", "Juravinski Hospital and Cancer Centre": "3 hr 12 min", "St. Joseph\u2019s Healthcare Hamilton, Charlton Campus": "1 hr 24 min", "West Lincoln Memorial Hospital": "1 hr 59 min", "Cambridge Memorial": "Not available", "St. Catherines (Niagara Health)": "3 hr 30 min", "Niagara Falls (Niagara Health)": "3 hr 30 min", "Welland (Niagara Health)": "3 hr 0 min", "Brantford General": "4 hr 32 min", "Oakville Trafalgar Memorial (Halton Healthcare)": "3 hr 40 min", "Milton District (Halton Healthcare)": "4 hr 14 min", "Georgetown (Halton Healthcare)": "1 hr 29 min", "Sunnybrook": "7 hr 31 min", "Markham Stouffville (Oak Valley Health)": "2 hr 30 min", "Uxbridge (Oak Valley Health)": "5+ hr 0 min", "Joseph Brant Hospital, Burlington": "Not available", "Guelph General": "Not available", "Mackenzie Richmond Hill (Mackenzie Health)": "Not available", "Cortellucci Vaughan (Mackenzie Health)": "Not available", "Humber River Hospital": "Not available", "St. Josephs Health Centre (Unity) Toronto": "Not available", "St. Michaels (Unity) Toronto": "Not available", "North York General": "Not available", "Southlake": "Not available", "Queensway Carleton Hospital": "Not available", "Ottawa Civic (The Ottawa Hospital)": "Not available", "Ottawa General (The Ottawa Hospital)": "Not available"}}{"timestamp": "2025-11-22T00:35:21.711807+00:00", "data": {"Toronto General (University Health Network)": "1 hr 44 min", "Toronto Western (University Health Network)": "1 hr 15 min", "Windsor Regional Hospital - Oullette Campus": "Not available", "Windsor Regional Hospital - Metropolitan Campus": "Not available", "Timmins and District Hospital": "0 hr 0 min", "West Parry Sound Hospital": "4 hr 0 min", "North Bay Regional Health Centre": "4 hr  20 min", "Georgian Bay, Midland": "Not available", "Grand River, Kitchener": "2 hr  37 min", "St. Mary\u2019s General, Kitchener": "2 hr 30 min", "Collingwood General and Marine Hospital": "1 hr 30 min", "Stevenson Memorial Hospital (Alliston)": "5 hr 0 min", "Childrens Hospital (London Health Sciences Centre)": "3 hr 0 min", "University Hospital (London Health Sciences Centre)": "6 hr 0 min", "Victoria Hospital (London Health Sciences Centre)": "7 hr 45 min", "Oshawa (Lakeridge Health)": "2 hr 15 min to3 hr 47 min", "Ajax (Lakeridge Health)": "2 hr 16 min to3 hr 40 min", "Bowmanville (Lakeridge Health)": "2 hr 10 min to3 hr 10 min", "Port Perry (Lakeridge Health)": "1 hr 19 min to1 hr 50 min", "Etobicoke (William Osler Health System)": "1 hr 25 min", "Brampton Civic (William Osler Health System)": "Not available", "Peel Memorial Urgent Care (William Osler Health System)": "Not available", "CHEO (Childrens Hospital of Eastern Ontario)": "12 hr 23 min", "King Campus Urgent Care, St. Joseph\u2019s Healthcare Hamilton": "1 hr 43 min", "West End Urgent Care Centre": "1 hr 27 min", "McMaster Children\u2019s Hospital": "2 hr 7 min", "Hamilton General Hospital": "2 hr 2 min", "Juravinski Hospital and Cancer Centre": "3 hr 18 min", "St. Joseph\u2019s Healthcare Hamilton, Charlton Campus": "1 hr 24 min", "West Lincoln Memorial Hospital": "2 hr 3 min", "Cambridge Memorial": "Not available", "St. Catherines (Niagara Health)": "3 hr 30 min", "Niagara Falls (Niagara Health)": "3 hr 30 min", "Welland (Niagara Health)": "3 hr 30 min", "Brantford General": "4 hr 47 min", "Oakville Trafalgar Memorial (Halton Healthcare)": "3 hr 47 min", "Milton District (Halton Healthcare)": "4 hr 12 min", "Georgetown (Halton Healthcare)": "1 hr 41 min", "Sunnybrook": "7 hr 31 min", "Markham Stouffville (Oak Valley Health)": "2 hr 30 min", "Uxbridge (Oak Valley Health)": "5+ hr 0 min", "Joseph Brant Hospital, Burlington": "Not available", "Guelph General": "Not available", "Mackenzie Richmond Hill (Mackenzie Health)": "Not available", "Cortellucci Vaughan (Mackenzie Health)": "Not available", "Humber River Hospital": "Not available", "St. Josephs Health Centre (Unity) Toronto": "Not available", "St. Michaels (Unity) Toronto": "Not available", "North York General": "Not available", "Southlake": "Not available", "Queensway Carleton Hospital": "Not available", "Ottawa Civic (The Ottawa Hospital)": "Not available", "Ottawa General (The Ottawa Hospital)": "Not available"}}{"timestamp": "2025-11-22T01:10:38.795028+00:00", "data": {"Toronto General (University Health Network)": "1 hr 44 min", "Toronto Western (University Health Network)": "1 hr 15 min", "Windsor Regional Hospital - Oullette Campus": "Not available", "Windsor Regional Hospital - Metropolitan Campus": "Not available", "Timmins and District Hospital": "0 hr 0 min", "West Parry Sound Hospital": "4 hr 0 min", "North Bay Regional Health Centre": "4 hr  25 min", "Georgian Bay, Midland": "Not available", "Grand River, Kitchener": "2 hr  19 min", "St. Mary\u2019s General, Kitchener": "1 hr 0 min", "Collingwood General and Marine Hospital": "1 hr 30 min", "Stevenson Memorial Hospital (Alliston)": "4 hr 30 min", "Childrens Hospital (London Health Sciences Centre)": "3 hr 30 min", "University Hospital (London Health Sciences Centre)": "6 hr 45 min", "Victoria Hospital (London Health Sciences Centre)": "8 hr 30 min", "Oshawa (Lakeridge Health)": "2 hr 38 min to4 hr 10 min", "Ajax (Lakeridge Health)": "2 hr 36 min to3 hr 51 min", "Bowmanville (Lakeridge Health)": "2 hr 31 min to3 hr 26 min", "Port Perry (Lakeridge Health)": "1 hr 22 min to1 hr 49 min", "Etobicoke (William Osler Health System)": "1 hr 13 min", "Brampton Civic (William Osler Health System)": "Not available", "Peel Memorial Urgent Care (William Osler Health System)": "Not available", "CHEO (Childrens Hospital of Eastern Ontario)": "12 hr 18 min", "King Campus Urgent Care, St. Joseph\u2019s Healthcare Hamilton": "1 hr 38 min", "West End Urgent Care Centre": "1 hr 27 min", "McMaster Children\u2019s Hospital": "2 hr 5 min", "Hamilton General Hospital": "2 hr 18 min", "Juravinski Hospital and Cancer Centre": "3 hr 28 min", "St. Joseph\u2019s Healthcare Hamilton, Charlton Campus": "1 hr 20 min", "West Lincoln Memorial Hospital": "2 hr 10 min", "Cambridge Memorial": "Not available", "St. Catherines (Niagara Health)": "4 hr 30 min", "Niagara Falls (Niagara Health)": "4 hr 30 min", "Welland (Niagara Health)": "4 hr 0 min", "Brantford General": "5 hr 17 min", "Oakville Trafalgar Memorial (Halton Healthcare)": "3 hr 57 min", "Milton District (Halton Healthcare)": "4 hr 42 min", "Georgetown (Halton Healthcare)": "2 hr 11 min", "Sunnybrook": "8 hr 17 min", "Markham Stouffville (Oak Valley Health)": "2 hr 30 min", "Uxbridge (Oak Valley Health)": "5+ hr 0 min", "Joseph Brant Hospital, Burlington": "Not available", "Guelph General": "Not available", "Mackenzie Richmond Hill (Mackenzie Health)": "Not available", "Cortellucci Vaughan (Mackenzie Health)": "Not available", "Humber River Hospital": "Not available", "St. Josephs Health Centre (Unity) Toronto": "Not available", "St. Michaels (Unity) Toronto": "Not available", "North York General": "Not available", "Southlake": "Not available", "Queensway Carleton Hospital": "Not available", "Ottawa Civic (The Ottawa Hospital)": "Not available", "Ottawa General (The Ottawa Hospital)": "Not available"}}{"timestamp": "2025-11-22T01:36:33.689764+00:00", "data": {"Toronto General (University Health Network)": "2 hr 17 min", "Toronto Western (University Health Network)": "1 hr 10 min", "Windsor Regional Hospital - Oullette Campus": "Not available", "Windsor Regional Hospital - Metropolitan Campus": "Not available", "Timmins and District Hospital": "0 hr 0 min", "West Parry Sound Hospital": "4 hr 0 min", "North Bay Regional Health Centre": "4 hr  20 min", "Georgian Bay, Midland": "Not available", "Grand River, Kitchener": "2 hr  05 min", "St. Mary\u2019s General, Kitchener": "1 hr 30 min", "Collingwood General and Marine Hospital": "1 hr 30 min", "Stevenson Memorial Hospital (Alliston)": "5 hr 0 min", "Childrens Hospital (London Health Sciences Centre)": "3 hr 45 min", "University Hospital (London Health Sciences Centre)": "7 hr 0 min", "Victoria Hospital (London Health Sciences Centre)": "8 hr 45 min", "Oshawa (Lakeridge Health)": "Not available", "Ajax (Lakeridge Health)": "Not available", "Bowmanville (Lakeridge Health)": "Not available", "Port Perry (Lakeridge Health)": "Not available", "Etobicoke (William Osler Health System)": "Not available", "Brampton Civic (William Osler Health System)": "Not available", "Peel Memorial Urgent Care (William Osler Health System)": "Not available", "CHEO (Childrens Hospital of Eastern Ontario)": "12 hr 18 min", "King Campus Urgent Care, St. Joseph\u2019s Healthcare Hamilton": "1 hr 35 min", "West End Urgent Care Centre": "1 hr 26 min", "McMaster Children\u2019s Hospital": "2 hr 11 min", "Hamilton General Hospital": "2 hr 18 min", "Juravinski Hospital and Cancer Centre": "3 hr 34 min", "St. Joseph\u2019s Healthcare Hamilton, Charlton Campus": "1 hr 18 min", "West Lincoln Memorial Hospital": "2 hr 20 min", "Cambridge Memorial": "Not available", "St. Catherines (Niagara Health)": "4 hr 0 min", "Niagara Falls (Niagara Health)": "4 hr 30 min", "Welland (Niagara Health)": "3 hr 30 min", "Brantford General": "5 hr 27 min", "Oakville Trafalgar Memorial (Halton Healthcare)": "3 hr 54 min", "Milton District (Halton Healthcare)": "4 hr 46 min", "Georgetown (Halton Healthcare)": "1 hr 18 min", "Sunnybrook": "8 hr 10 min", "Markham Stouffville (Oak Valley Health)": "2 hr 30 min", "Uxbridge (Oak Valley Health)": "5+ hr 0 min", "Joseph Brant Hospital, Burlington": "Not available", "Guelph General": "Not available", "Mackenzie Richmond Hill (Mackenzie Health)": "Not available", "Cortellucci Vaughan (Mackenzie Health)": "Not available", "Humber River Hospital": "Not available", "St. Josephs Health Centre (Unity) Toronto": "Not available", "St. Michaels (Unity) Toronto": "Not available", "North York General": "Not available", "Southlake": "Not available", "Queensway Carleton Hospital": "Not available", "Ottawa Civic (The Ottawa Hospital)": "Not available", "Ottawa General (The Ottawa Hospital)": "Not available"}}{"timestamp": "2025-11-22T02:09:55.061392+00:00", "data": {"Toronto General (University Health Network)": "2 hr 17 min", "Toronto Western (University Health Network)": "1 hr 10 min", "Windsor Regional Hospital - Oullette Campus": "Not available", "Windsor Regional Hospital - Metropolitan Campus": "Not available", "Timmins and District Hospital": "Not available", "West Parry Sound Hospital": "3 hr 30 min", "North Bay Regional Health Centre": "5 hr  10 min", "Georgian Bay, Midland": "Not available", "Grand River, Kitchener": "2 hr  00 min", "St. Mary\u2019s General, Kitchener": "1 hr 30 min", "Collingwood General and Marine Hospital": "1 hr 30 min", "Stevenson Memorial Hospital (Alliston)": "5 hr 0 min", "Childrens Hospital (London Health Sciences Centre)": "2 hr 45 min", "University Hospital (London Health Sciences Centre)": "7 hr 0 min", "Victoria Hospital (London Health Sciences Centre)": "9 hr 30 min", "Oshawa (Lakeridge Health)": "2 hr 32 min to4 hr 7 min", "Ajax (Lakeridge Health)": "2 hr 48 min to4 hr 5 min", "Bowmanville (Lakeridge Health)": "2 hr 23 min to3 hr 36 min", "Port Perry (Lakeridge Health)": "1 hr 12 min to1 hr 46 min", "Etobicoke (William Osler Health System)": "1 hr 9 min", "Brampton Civic (William Osler Health System)": "Not available", "Peel Memorial Urgent Care (William Osler Health System)": "Not available", "CHEO (Childrens Hospital of Eastern Ontario)": "12 hr 35 min", "West End Urgent Care Centre": "Closed until 10:00 AM", "King Campus Urgent Care, St. Joseph\u2019s Healthcare Hamilton": "1 hr 32 min", "McMaster Children\u2019s Hospital": "2 hr 10 min", "Hamilton General Hospital": "2 hr 14 min", "Juravinski Hospital and Cancer Centre": "3 hr 49 min", "St. Joseph\u2019s Healthcare Hamilton, Charlton Campus": "1 hr 13 min", "West Lincoln Memorial Hospital": "2 hr 32 min", "Cambridge Memorial": "Not available", "St. Catherines (Niagara Health)": "4 hr 30 min", "Niagara Falls (Niagara Health)": "4 hr 0 min", "Welland (Niagara Health)": "3 hr 0 min", "Brantford General": "6 hr 27 min", "Oakville Trafalgar Memorial (Halton Healthcare)": "3 hr 40 min", "Milton District (Halton Healthcare)": "4 hr 47 min", "Georgetown (Halton Healthcare)": "1 hr 8 min", "Sunnybrook": "7 hr 16 min", "Markham Stouffville (Oak Valley Health)": "3 hr 30 min", "Uxbridge (Oak Valley Health)": "5+ hr 0 min", "Joseph Brant Hospital, Burlington": "Not available", "Guelph General": "Not available", "Mackenzie Richmond Hill (Mackenzie Health)": "Not available", "Cortellucci Vaughan (Mackenzie Health)": "Not available", "Humber River Hospital": "Not available", "St. Josephs Health Centre (Unity) Toronto": "Not available", "St. Michaels (Unity) Toronto": "Not available", "North York General": "Not available", "Southlake": "Not available", "Queensway Carleton Hospital": "Not available", "Ottawa Civic (The Ottawa Hospital)": "Not available", "Ottawa General (The Ottawa Hospital)": "Not available"}}{"timestamp": "2025-11-22T02:25:03.376027+00:00", "data": {"Toronto General (University Health Network)": "2 hr 17 min", "Toronto Western (University Health Network)": "1 hr 9 min", "Windsor Regional Hospital - Oullette Campus": "Not available", "Windsor Regional Hospital - Metropolitan Campus": "Not available", "Timmins and District Hospital": "Not available", "West Parry Sound Hospital": "4 hr 0 min", "North Bay Regional Health Centre": "5 hr  15 min", "Georgian Bay, Midland": "Not available", "Grand River, Kitchener": "2 hr  09 min", "St. Mary\u2019s General, Kitchener": "0 hr 30 min", "Collingwood General and Marine Hospital": "1 hr 0 min", "Stevenson Memorial Hospital (Alliston)": "5 hr 0 min", "Childrens Hospital (London Health Sciences Centre)": "3 hr 0 min", "University Hospital (London Health Sciences Centre)": "7 hr 15 min", "Victoria Hospital (London Health Sciences Centre)": "9 hr 45 min", "Oshawa (Lakeridge Health)": "2 hr 29 min to3 hr 58 min", "Ajax (Lakeridge Health)": "2 hr 42 min to4 hr 13 min", "Bowmanville (Lakeridge Health)": "2 hr 29 min to3 hr 36 min", "Port Perry (Lakeridge Health)": "1 hr 17 min to1 hr 47 min", "Etobicoke (William Osler Health System)": "1 hr 9 min", "Brampton Civic (William Osler Health System)": "Not available", "Peel Memorial Urgent Care (William Osler Health System)": "Not available", "CHEO (Childrens Hospital of Eastern Ontario)": "12 hr 35 min", "West End Urgent Care Centre": "Closed until 10:00 AM", "King Campus Urgent Care, St. Joseph\u2019s Healthcare Hamilton": "1 hr 25 min", "McMaster Children\u2019s Hospital": "2 hr 13 min", "Hamilton General Hospital": "2 hr 25 min", "Juravinski Hospital and Cancer Centre": "4 hr 8 min", "St. Joseph\u2019s Healthcare Hamilton, Charlton Campus": "1 hr 7 min", "West Lincoln Memorial Hospital": "2 hr 32 min", "Cambridge Memorial": "Not available", "St. Catherines (Niagara Health)": "4 hr 0 min", "Niagara Falls (Niagara Health)": "5 hr 0 min", "Welland (Niagara Health)": "3 hr 30 min", "Brantford General": "6 hr 12 min", "Oakville Trafalgar Memorial (Halton Healthcare)": "3 hr 55 min", "Milton District (Halton Healthcare)": "5 hr 2 min", "Georgetown (Halton Healthcare)": "1 hr 19 min", "Sunnybrook": "7 hr 36 min", "Markham Stouffville (Oak Valley Health)": "3 hr 30 min", "Uxbridge (Oak Valley Health)": "5+ hr 0 min", "Joseph Brant Hospital, Burlington": "Not available", "Guelph General": "Not available", "Mackenzie Richmond Hill (Mackenzie Health)": "Not available", "Cortellucci Vaughan (Mackenzie Health)": "Not available", "Humber River Hospital": "Not available", "St. Josephs Health Centre (Unity) Toronto": "Not available", "St. Michaels (Unity) Toronto": "Not available", "North York General": "Not available", "Southlake": "Not available", "Queensway Carleton Hospital": "Not available", "Ottawa Civic (The Ottawa Hospital)": "Not available", "Ottawa General (The Ottawa Hospital)": "Not available"}}{"timestamp": "2025-11-22T02:34:49.996735+00:00", "data": {"Toronto General (University Health Network)": "2 hr 20 min", "Toronto Western (University Health Network)": "1 hr 9 min", "Windsor Regional Hospital - Oullette Campus": "Not available", "Windsor Regional Hospital - Metropolitan Campus": "Not available", "Timmins and District Hospital": "Not available", "West Parry Sound Hospital": "4 hr 0 min", "North Bay Regional Health Centre": "5 hr  22 min", "Georgian Bay, Midland": "Not available", "Grand River, Kitchener": "2 hr  14 min", "St. Mary\u2019s General, Kitchener": "1 hr 0 min", "Collingwood General and Marine Hospital": "1 hr 0 min", "Stevenson Memorial Hospital (Alliston)": "5 hr 0 min", "Childrens Hospital (London Health Sciences Centre)": "3 hr 0 min", "University Hospital (London Health Sciences Centre)": "7 hr 15 min", "Victoria Hospital (London Health Sciences Centre)": "9 hr 45 min", "Oshawa (Lakeridge Health)": "2 hr 29 min to3 hr 58 min", "Ajax (Lakeridge Health)": "2 hr 42 min to4 hr 13 min", "Bowmanville (Lakeridge Health)": "2 hr 29 min to3 hr 36 min", "Port Perry (Lakeridge Health)": "1 hr 17 min to1 hr 47 min", "Etobicoke (William Osler Health System)": "1 hr 9 min", "Brampton Civic (William Osler Health System)": "Not available", "Peel Memorial Urgent Care (William Osler Health System)": "Not available", "CHEO (Childrens Hospital of Eastern Ontario)": "12 hr 35 min", "West End Urgent Care Centre": "Closed until 10:00 AM", "King Campus Urgent Care, St. Joseph\u2019s Healthcare Hamilton": "1 hr 25 min", "McMaster Children\u2019s Hospital": "2 hr 9 min", "Hamilton General Hospital": "2 hr 29 min", "Juravinski Hospital and Cancer Centre": "4 hr 2 min", "St. Joseph\u2019s Healthcare Hamilton, Charlton Campus": "1 hr 7 min", "West Lincoln Memorial Hospital": "2 hr 36 min", "Cambridge Memorial": "Not available", "St. Catherines (Niagara Health)": "4 hr 30 min", "Niagara Falls (Niagara Health)": "3 hr 30 min", "Welland (Niagara Health)": "3 hr 30 min", "Brantford General": "6 hr 57 min", "Oakville Trafalgar Memorial (Halton Healthcare)": "4 hr 2 min", "Milton District (Halton Healthcare)": "5 hr 17 min", "Georgetown (Halton Healthcare)": "1 hr 33 min", "Sunnybrook": "7 hr 36 min", "Markham Stouffville (Oak Valley Health)": "3 hr 30 min", "Uxbridge (Oak Valley Health)": "5+ hr 0 min", "Joseph Brant Hospital, Burlington": "Not available", "Guelph General": "Not available", "Mackenzie Richmond Hill (Mackenzie Health)": "Not available", "Cortellucci Vaughan (Mackenzie Health)": "Not available", "Humber River Hospital": "Not available", "St. Josephs Health Centre (Unity) Toronto": "Not available", "St. Michaels (Unity) Toronto": "Not available", "North York General": "Not available", "Southlake": "Not available", "Queensway Carleton Hospital": "Not available", "Ottawa Civic (The Ottawa Hospital)": "Not available", "Ottawa General (The Ottawa Hospital)": "Not available"}}{"timestamp": "2025-11-22T03:24:48.881119+00:00", "data": {"Toronto General (University Health Network)": "2 hr 20 min", "Toronto Western (University Health Network)": "1 hr 12 min", "Windsor Regional Hospital - Oullette Campus": "Not available", "Windsor Regional Hospital - Metropolitan Campus": "Not available", "Timmins and District Hospital": "Not available", "West Parry Sound Hospital": "4 hr 0 min", "North Bay Regional Health Centre": "5 hr  39 min", "Georgian Bay, Midland": "Not available", "Grand River, Kitchener": "2 hr  57 min", "St. Mary\u2019s General, Kitchener": "2 hr 30 min", "Collingwood General and Marine Hospital": "1 hr 0 min", "Stevenson Memorial Hospital (Alliston)": "5 hr 30 min", "Childrens Hospital (London Health Sciences Centre)": "2 hr 45 min", "University Hospital (London Health Sciences Centre)": "7 hr 30 min", "Victoria Hospital (London Health Sciences Centre)": "10 hr 45 min", "Oshawa (Lakeridge Health)": "2 hr 15 min to3 hr 35 min", "Ajax (Lakeridge Health)": "2 hr 58 min to4 hr 55 min", "Bowmanville (Lakeridge Health)": "2 hr 40 min to3 hr 40 min", "Port Perry (Lakeridge Health)": "1 hr 7 min to1 hr 46 min", "Etobicoke (William Osler Health System)": "0 hr 49 min", "Brampton Civic (William Osler Health System)": "Not available", "Peel Memorial Urgent Care (William Osler Health System)": "Not available", "CHEO (Childrens Hospital of Eastern Ontario)": "12 hr 34 min", "King Campus Urgent Care, St. Joseph\u2019s Healthcare Hamilton": "Closed until 8:00 AM", "West End Urgent Care Centre": "Closed until 10:00 AM", "McMaster Children\u2019s Hospital": "2 hr 7 min", "Hamilton General Hospital": "2 hr 36 min", "Juravinski Hospital and Cancer Centre": "4 hr 29 min", "St. Joseph\u2019s Healthcare Hamilton, Charlton Campus": "1 hr 2 min", "West Lincoln Memorial Hospital": "2 hr 36 min", "Cambridge Memorial": "Not available", "St. Catherines (Niagara Health)": "5 hr 0 min", "Niagara Falls (Niagara Health)": "4 hr 0 min", "Welland (Niagara Health)": "3 hr 30 min", "Brantford General": "7 hr 42 min", "Oakville Trafalgar Memorial (Halton Healthcare)": "4 hr 26 min", "Milton District (Halton Healthcare)": "5 hr 51 min", "Georgetown (Halton Healthcare)": "2 hr 5 min", "Sunnybrook": "7 hr 6 min", "Markham Stouffville (Oak Valley Health)": "3 hr 0 min", "Uxbridge (Oak Valley Health)": "3 hr 30 min", "Joseph Brant Hospital, Burlington": "Not available", "Guelph General": "Not available", "Mackenzie Richmond Hill (Mackenzie Health)": "Not available", "Cortellucci Vaughan (Mackenzie Health)": "Not available", "Humber River Hospital": "Not available", "St. Josephs Health Centre (Unity) Toronto": "Not available", "St. Michaels (Unity) Toronto": "Not available", "North York General": "Not available", "Southlake": "Not available", "Queensway Carleton Hospital": "Not available", "Ottawa Civic (The Ottawa Hospital)": "Not available", "Ottawa General (The Ottawa Hospital)": "Not available"}}{"timestamp": "2025-11-22T03:35:07.832094+00:00", "data": {"Toronto General (University Health Network)": "2 hr 25 min", "Toronto Western (University Health Network)": "1 hr 12 min", "Windsor Regional Hospital - Oullette Campus": "Not available", "Windsor Regional Hospital - Metropolitan Campus": "Not available", "Timmins and District Hospital": "Not available", "West Parry Sound Hospital": "3 hr 30 min", "North Bay Regional Health Centre": "5 hr  53 min", "Georgian Bay, Midland": "Not available", "Grand River, Kitchener": "2 hr  31 min", "St. Mary\u2019s General, Kitchener": "2 hr 30 min", "Collingwood General and Marine Hospital": "1 hr 0 min", "Stevenson Memorial Hospital (Alliston)": "5 hr 30 min", "Childrens Hospital (London Health Sciences Centre)": "2 hr 45 min", "University Hospital (London Health Sciences Centre)": "7 hr 30 min", "Victoria Hospital (London Health Sciences Centre)": "10 hr 45 min", "Oshawa (Lakeridge Health)": "2 hr 15 min to3 hr 35 min", "Ajax (Lakeridge Health)": "2 hr 58 min to4 hr 55 min", "Bowmanville (Lakeridge Health)": "2 hr 40 min to3 hr 40 min", "Port Perry (Lakeridge Health)": "1 hr 7 min to1 hr 46 min", "Etobicoke (William Osler Health System)": "0 hr 49 min", "Brampton Civic (William Osler Health System)": "Not available", "Peel Memorial Urgent Care (William Osler Health System)": "Not available", "CHEO (Childrens Hospital of Eastern Ontario)": "12 hr 34 min", "King Campus Urgent Care, St. Joseph\u2019s Healthcare Hamilton": "Closed until 8:00 AM", "West End Urgent Care Centre": "Closed until 10:00 AM", "McMaster Children\u2019s Hospital": "2 hr 8 min", "Hamilton General Hospital": "2 hr 47 min", "Juravinski Hospital and Cancer Centre": "4 hr 22 min", "St. Joseph\u2019s Healthcare Hamilton, Charlton Campus": "1 hr 2 min", "West Lincoln Memorial Hospital": "2 hr 50 min", "Cambridge Memorial": "Not available", "St. Catherines (Niagara Health)": "4 hr 30 min", "Niagara Falls (Niagara Health)": "3 hr 30 min", "Welland (Niagara Health)": "3 hr 30 min", "Brantford General": "7 hr 27 min", "Oakville Trafalgar Memorial (Halton Healthcare)": "4 hr 21 min", "Milton District (Halton Healthcare)": "6 hr 0 min", "Georgetown (Halton Healthcare)": "2 hr 20 min", "Sunnybrook": "7 hr 6 min", "Markham Stouffville (Oak Valley Health)": "3 hr 30 min", "Uxbridge (Oak Valley Health)": "3 hr 0 min", "Joseph Brant Hospital, Burlington": "Not available", "Guelph General": "Not available", "Mackenzie Richmond Hill (Mackenzie Health)": "Not available", "Cortellucci Vaughan (Mackenzie Health)": "Not available", "Humber River Hospital": "Not available", "St. Josephs Health Centre (Unity) Toronto": "Not available", "St. Michaels (Unity) Toronto": "Not available", "North York General": "Not available", "Southlake": "Not available", "Queensway Carleton Hospital": "Not available", "Ottawa Civic (The Ottawa Hospital)": "Not available", "Ottawa General (The Ottawa Hospital)": "Not available"}}{"timestamp": "2025-11-22T04:25:16.140461+00:00", "data": {"Toronto General (University Health Network)": "2 hr 25 min", "Toronto Western (University Health Network)": "1 hr 14 min", "Windsor Regional Hospital - Oullette Campus": "Not available", "Windsor Regional Hospital - Metropolitan Campus": "Not available", "Timmins and District Hospital": "0 hr 0 min", "West Parry Sound Hospital": "3 hr 30 min", "North Bay Regional Health Centre": "6 hr  27 min", "Georgian Bay, Midland": "Not available", "Grand River, Kitchener": "2 hr  43 min", "St. Mary\u2019s General, Kitchener": "3 hr 0 min", "Collingwood General and Marine Hospital": "1 hr 30 min", "Stevenson Memorial Hospital (Alliston)": "6+ hr 0 min", "Childrens Hospital (London Health Sciences Centre)": "3 hr 30 min", "University Hospital (London Health Sciences Centre)": "8 hr 30 min", "Victoria Hospital (London Health Sciences Centre)": "11 hr 15 min", "Oshawa (Lakeridge Health)": "2 hr 5 min to2 hr 47 min", "Ajax (Lakeridge Health)": "3 hr 28 min to5 hr or more", "Bowmanville (Lakeridge Health)": "2 hr 55 min to4 hr 4 min", "Port Perry (Lakeridge Health)": "1 hr 15 min to2 hr 7 min", "Etobicoke (William Osler Health System)": "1 hr 10 min", "Brampton Civic (William Osler Health System)": "Not available", "Peel Memorial Urgent Care (William Osler Health System)": "Not available", "CHEO (Childrens Hospital of Eastern Ontario)": "10 hr 52 min", "King Campus Urgent Care, St. Joseph\u2019s Healthcare Hamilton": "Closed until 8:00 AM", "West End Urgent Care Centre": "Closed until 10:00 AM", "McMaster Children\u2019s Hospital": "2 hr 6 min", "Hamilton General Hospital": "2 hr 58 min", "Juravinski Hospital and Cancer Centre": "4 hr 36 min", "St. Joseph\u2019s Healthcare Hamilton, Charlton Campus": "0 hr 57 min", "West Lincoln Memorial Hospital": "3 hr 13 min", "Cambridge Memorial": "Not available", "St. Catherines (Niagara Health)": "4 hr 0 min", "Niagara Falls (Niagara Health)": "4 hr 0 min", "Welland (Niagara Health)": "3 hr 30 min", "Brantford General": "7 hr 4 min", "Oakville Trafalgar Memorial (Halton Healthcare)": "5 hr 22 min", "Milton District (Halton Healthcare)": "4 hr 49 min", "Georgetown (Halton Healthcare)": "2 hr 17 min", "Sunnybrook": "7 hr 16 min", "Markham Stouffville (Oak Valley Health)": "3 hr 30 min", "Uxbridge (Oak Valley Health)": "3 hr 0 min", "Joseph Brant Hospital, Burlington": "Not available", "Guelph General": "Not available", "Mackenzie Richmond Hill (Mackenzie Health)": "Not available", "Cortellucci Vaughan (Mackenzie Health)": "Not available", "Humber River Hospital": "Not available", "St. Josephs Health Centre (Unity) Toronto": "Not available", "St. Michaels (Unity) Toronto": "Not available", "North York General": "Not available", "Southlake": "Not available", "Queensway Carleton Hospital": "Not available", "Ottawa Civic (The Ottawa Hospital)": "Not available", "Ottawa General (The Ottawa Hospital)": "Not available"}}{"timestamp": "2025-11-22T04:50:21.288201+00:00", "data": {"Toronto General (University Health Network)": "2 hr 46 min", "Toronto Western (University Health Network)": "1 hr 14 min", "Windsor Regional Hospital - Oullette Campus": "Not available", "Windsor Regional Hospital - Metropolitan Campus": "Not available", "Timmins and District Hospital": "0 hr 0 min", "West Parry Sound Hospital": "3 hr 30 min", "North Bay Regional Health Centre": "6 hr  53 min", "Georgian Bay, Midland": "Not available", "Grand River, Kitchener": "2 hr  25 min", "St. Mary\u2019s General, Kitchener": "3 hr 0 min", "Collingwood General and Marine Hospital": "2 hr 0 min", "Stevenson Memorial Hospital (Alliston)": "5 hr 30 min", "Childrens Hospital (London Health Sciences Centre)": "3 hr 45 min", "University Hospital (London Health Sciences Centre)": "8 hr 45 min", "Victoria Hospital (London Health Sciences Centre)": "5 hr 0 min", "Oshawa (Lakeridge Health)": "2 hr 6 min to2 hr 47 min", "Ajax (Lakeridge Health)": "3 hr 28 min to5 hr or more", "Bowmanville (Lakeridge Health)": "2 hr 55 min to4 hr 4 min", "Port Perry (Lakeridge Health)": "1 hr 15 min to2 hr 8 min", "Etobicoke (William Osler Health System)": "1 hr 10 min", "Brampton Civic (William Osler Health System)": "Not available", "Peel Memorial Urgent Care (William Osler Health System)": "Not available", "CHEO (Childrens Hospital of Eastern Ontario)": "10 hr 52 min", "King Campus Urgent Care, St. Joseph\u2019s Healthcare Hamilton": "Closed until 8:00 AM", "West End Urgent Care Centre": "Closed until 10:00 AM", "McMaster Children\u2019s Hospital": "1 hr 58 min", "Hamilton General Hospital": "2 hr 54 min", "Juravinski Hospital and Cancer Centre": "4 hr 37 min", "St. Joseph\u2019s Healthcare Hamilton, Charlton Campus": "0 hr 57 min", "West Lincoln Memorial Hospital": "3 hr 22 min", "Cambridge Memorial": "Not available", "St. Catherines (Niagara Health)": "4 hr 0 min", "Niagara Falls (Niagara Health)": "3 hr 0 min", "Welland (Niagara Health)": "3 hr 30 min", "Brantford General": "7 hr 34 min", "Oakville Trafalgar Memorial (Halton Healthcare)": "5 hr 35 min", "Milton District (Halton Healthcare)": "3 hr 30 min", "Georgetown (Halton Healthcare)": "2 hr 47 min", "Sunnybrook": "7 hr 50 min", "Markham Stouffville (Oak Valley Health)": "3 hr 30 min", "Uxbridge (Oak Valley Health)": "3 hr 0 min", "Joseph Brant Hospital, Burlington": "Not available", "Guelph General": "Not available", "Mackenzie Richmond Hill (Mackenzie Health)": "Not available", "Cortellucci Vaughan (Mackenzie Health)": "Not available", "Humber River Hospital": "Not available", "St. Josephs Health Centre (Unity) Toronto": "Not available", "St. Michaels (Unity) Toronto": "Not available", "North York General": "Not available", "Southlake": "Not available", "Queensway Carleton Hospital": "Not available", "Ottawa Civic (The Ottawa Hospital)": "Not available", "Ottawa General (The Ottawa Hospital)": "Not available"}}{"timestamp": "2025-11-22T05:09:54.625539+00:00", "data": {"Toronto General (University Health Network)": "2 hr 46 min", "Toronto Western (University Health Network)": "1 hr 14 min", "Windsor Regional Hospital - Oullette Campus": "Not available", "Windsor Regional Hospital - Metropolitan Campus": "Not available", "Timmins and District Hospital": "Not available", "West Parry Sound Hospital": "6 hr 0 min", "North Bay Regional Health Centre": "7 hr  13 min", "Georgian Bay, Midland": "Not available", "Grand River, Kitchener": "2 hr  35 min", "St. Mary\u2019s General, Kitchener": "3 hr 0 min", "Collingwood General and Marine Hospital": "2 hr 0 min", "Stevenson Memorial Hospital (Alliston)": "6+ hr 0 min", "Childrens Hospital (London Health Sciences Centre)": "3 hr 45 min", "University Hospital (London Health Sciences Centre)": "7 hr 45 min", "Victoria Hospital (London Health Sciences Centre)": "5 hr 30 min", "Oshawa (Lakeridge Health)": "2 hr 18 min to3 hr 33 min", "Ajax (Lakeridge Health)": "3 hr 22 min to5 hr or more", "Bowmanville (Lakeridge Health)": "3 hr 14 min to4 hr 15 min", "Port Perry (Lakeridge Health)": "1 hr 26 min to2 hr 7 min", "Etobicoke (William Osler Health System)": "1 hr 28 min", "Brampton Civic (William Osler Health System)": "Not available", "Peel Memorial Urgent Care (William Osler Health System)": "Not available", "CHEO (Childrens Hospital of Eastern Ontario)": "12 hr 02 min", "King Campus Urgent Care, St. Joseph\u2019s Healthcare Hamilton": "Closed until 8:00 AM", "West End Urgent Care Centre": "Closed until 10:00 AM", "McMaster Children\u2019s Hospital": "2 hr 1 min", "Hamilton General Hospital": "2 hr 54 min", "Juravinski Hospital and Cancer Centre": "4 hr 56 min", "St. Joseph\u2019s Healthcare Hamilton, Charlton Campus": "0 hr 59 min", "West Lincoln Memorial Hospital": "3 hr 20 min", "Cambridge Memorial": "Not available", "St. Catherines (Niagara Health)": "5 hr 0 min", "Niagara Falls (Niagara Health)": "4 hr 0 min", "Welland (Niagara Health)": "4 hr 0 min", "Brantford General": "7 hr 49 min", "Oakville Trafalgar Memorial (Halton Healthcare)": "5 hr 35 min", "Milton District (Halton Healthcare)": "3 hr 30 min", "Georgetown (Halton Healthcare)": "2 hr 47 min", "Sunnybrook": "6 hr 10 min", "Markham Stouffville (Oak Valley Health)": "3 hr 30 min", "Uxbridge (Oak Valley Health)": "5+ hr 0 min", "Joseph Brant Hospital, Burlington": "Not available", "Guelph General": "Not available", "Mackenzie Richmond Hill (Mackenzie Health)": "Not available", "Cortellucci Vaughan (Mackenzie Health)": "Not available", "Humber River Hospital": "Not available", "St. Josephs Health Centre (Unity) Toronto": "Not available", "St. Michaels (Unity) Toronto": "Not available", "North York General": "Not available", "Southlake": "Not available", "Queensway Carleton Hospital": "Not available", "Ottawa Civic (The Ottawa Hospital)": "Not available", "Ottawa General (The Ottawa Hospital)": "Not available"}}{"timestamp": "2025-11-22T05:24:51.516610+00:00", "data": {"Toronto General (University Health Network)": "2 hr 46 min", "Toronto Western (University Health Network)": "1 hr 15 min", "Windsor Regional Hospital - Oullette Campus": "Not available", "Windsor Regional Hospital - Metropolitan Campus": "Not available", "Timmins and District Hospital": "Not available", "West Parry Sound Hospital": "3 hr 0 min", "North Bay Regional Health Centre": "7 hr  27 min", "Georgian Bay, Midland": "Not available", "Grand River, Kitchener": "2 hr  27 min", "St. Mary\u2019s General, Kitchener": "2 hr 0 min", "Collingwood General and Marine Hospital": "2 hr 0 min", "Stevenson Memorial Hospital (Alliston)": "6+ hr 0 min", "Childrens Hospital (London Health Sciences Centre)": "4 hr 0 min", "University Hospital (London Health Sciences Centre)": "8 hr 0 min", "Victoria Hospital (London Health Sciences Centre)": "5 hr 45 min", "Oshawa (Lakeridge Health)": "2 hr 20 min to3 hr 33 min", "Ajax (Lakeridge Health)": "3 hr 21 min to5 hr or more", "Bowmanville (Lakeridge Health)": "3 hr 17 min to4 hr 25 min", "Port Perry (Lakeridge Health)": "1 hr 39 min to2 hr 18 min", "Etobicoke (William Osler Health System)": "1 hr 28 min", "Brampton Civic (William Osler Health System)": "Not available", "Peel Memorial Urgent Care (William Osler Health System)": "Not available", "CHEO (Childrens Hospital of Eastern Ontario)": "12 hr 02 min", "King Campus Urgent Care, St. Joseph\u2019s Healthcare Hamilton": "Closed until 8:00 AM", "West End Urgent Care Centre": "Closed until 10:00 AM", "McMaster Children\u2019s Hospital": "2 hr 2 min", "Hamilton General Hospital": "2 hr 55 min", "Juravinski Hospital and Cancer Centre": "5 hr 4 min", "St. Joseph\u2019s Healthcare Hamilton, Charlton Campus": "1 hr 0 min", "West Lincoln Memorial Hospital": "3 hr 23 min", "Cambridge Memorial": "Not available", "St. Catherines (Niagara Health)": "5 hr 0 min", "Niagara Falls (Niagara Health)": "3 hr 30 min", "Welland (Niagara Health)": "4 hr 0 min", "Brantford General": "9 hr 12 min", "Oakville Trafalgar Memorial (Halton Healthcare)": "5 hr 51 min", "Milton District (Halton Healthcare)": "3 hr 56 min", "Georgetown (Halton Healthcare)": "3 hr 3 min", "Sunnybrook": "5 hr 45 min", "Markham Stouffville (Oak Valley Health)": "3 hr 30 min", "Uxbridge (Oak Valley Health)": "5+ hr 0 min", "Joseph Brant Hospital, Burlington": "Not available", "Guelph General": "Not available", "Mackenzie Richmond Hill (Mackenzie Health)": "Not available", "Cortellucci Vaughan (Mackenzie Health)": "Not available", "Humber River Hospital": "Not available", "St. Josephs Health Centre (Unity) Toronto": "Not available", "St. Michaels (Unity) Toronto": "Not available", "North York General": "Not available", "Southlake": "Not available", "Queensway Carleton Hospital": "Not available", "Ottawa Civic (The Ottawa Hospital)": "Not available", "Ottawa General (The Ottawa Hospital)": "Not available"}}{"timestamp": "2025-11-22T06:10:06.925560+00:00", "data": {"Toronto General (University Health Network)": "3 hr 20 min", "Toronto Western (University Health Network)": "1 hr 15 min", "Windsor Regional Hospital - Oullette Campus": "Not available", "Windsor Regional Hospital - Metropolitan Campus": "Not available", "Timmins and District Hospital": "Not available", "West Parry Sound Hospital": "3 hr 0 min", "North Bay Regional Health Centre": "7 hr  47 min", "Georgian Bay, Midland": "Not available", "Grand River, Kitchener": "2 hr  33 min", "St. Mary\u2019s General, Kitchener": "2 hr 0 min", "Collingwood General and Marine Hospital": "1 hr 30 min", "Stevenson Memorial Hospital (Alliston)": "5 hr 0 min", "Childrens Hospital (London Health Sciences Centre)": "3 hr 45 min", "University Hospital (London Health Sciences Centre)": "8 hr 45 min", "Victoria Hospital (London Health Sciences Centre)": "6 hr 0 min", "Oshawa (Lakeridge Health)": "2 hr 37 min to3 hr 35 min", "Ajax (Lakeridge Health)": "3 hr 28 min to5 hr or more", "Bowmanville (Lakeridge Health)": "3 hr 35 min to4 hr 30 min", "Port Perry (Lakeridge Health)": "1 hr 41 min to2 hr 36 min", "Etobicoke (William Osler Health System)": "1 hr 1 min", "Brampton Civic (William Osler Health System)": "Not available", "Peel Memorial Urgent Care (William Osler Health System)": "Not available", "CHEO (Childrens Hospital of Eastern Ontario)": "9 hr 16 min", "King Campus Urgent Care, St. Joseph\u2019s Healthcare Hamilton": "Closed until 8:00 AM", "West End Urgent Care Centre": "Closed until 10:00 AM", "McMaster Children\u2019s Hospital": "2 hr 3 min", "Hamilton General Hospital": "3 hr 6 min", "Juravinski Hospital and Cancer Centre": "5 hr 18 min", "St. Joseph\u2019s Healthcare Hamilton, Charlton Campus": "1 hr 6 min", "West Lincoln Memorial Hospital": "3 hr 40 min", "Cambridge Memorial": "Not available", "St. Catherines (Niagara Health)": "5 hr 0 min", "Niagara Falls (Niagara Health)": "3 hr 0 min", "Welland (Niagara Health)": "3 hr 0 min", "Brantford General": "8 hr 49 min", "Oakville Trafalgar Memorial (Halton Healthcare)": "5 hr 9 min", "Milton District (Halton Healthcare)": "3 hr 6 min", "Georgetown (Halton Healthcare)": "3 hr 24 min", "Sunnybrook": "5 hr 20 min", "Markham Stouffville (Oak Valley Health)": "4 hr 0 min", "Uxbridge (Oak Valley Health)": "2 hr 0 min", "Joseph Brant Hospital, Burlington": "Not available", "Guelph General": "Not available", "Mackenzie Richmond Hill (Mackenzie Health)": "Not available", "Cortellucci Vaughan (Mackenzie Health)": "Not available", "Humber River Hospital": "Not available", "St. Josephs Health Centre (Unity) Toronto": "Not available", "St. Michaels (Unity) Toronto": "Not available", "North York General": "Not available", "Southlake": "Not available", "Queensway Carleton Hospital": "Not available", "Ottawa Civic (The Ottawa Hospital)": "Not available", "Ottawa General (The Ottawa Hospital)": "Not available"}}{"timestamp": "2025-11-22T06:25:11.574176+00:00", "data": {"Toronto General (University Health Network)": "3 hr 20 min", "Toronto Western (University Health Network)": "1 hr 17 min", "Windsor Regional Hospital - Oullette Campus": "Not available", "Windsor Regional Hospital - Metropolitan Campus": "Not available", "Timmins and District Hospital": "Not available", "West Parry Sound Hospital": "2 hr 30 min", "North Bay Regional Health Centre": "7 hr  40 min", "Georgian Bay, Midland": "Not available", "Grand River, Kitchener": "2 hr  29 min", "St. Mary\u2019s General, Kitchener": "3 hr 30 min", "Collingwood General and Marine Hospital": "1 hr 30 min", "Stevenson Memorial Hospital (Alliston)": "5 hr 0 min", "Childrens Hospital (London Health Sciences Centre)": "4 hr 0 min", "University Hospital (London Health Sciences Centre)": "9 hr 0 min", "Victoria Hospital (London Health Sciences Centre)": "6 hr 15 min", "Oshawa (Lakeridge Health)": "2 hr 28 min to3 hr 34 min", "Ajax (Lakeridge Health)": "3 hr 48 min to5 hr or more", "Bowmanville (Lakeridge Health)": "3 hr 43 min to4 hr 33 min", "Port Perry (Lakeridge Health)": "1 hr 28 min to2 hr 22 min", "Etobicoke (William Osler Health System)": "1 hr 1 min", "Brampton Civic (William Osler Health System)": "Not available", "Peel Memorial Urgent Care (William Osler Health System)": "Not available", "CHEO (Childrens Hospital of Eastern Ontario)": "9 hr 16 min", "King Campus Urgent Care, St. Joseph\u2019s Healthcare Hamilton": "Closed until 8:00 AM", "West End Urgent Care Centre": "Closed until 10:00 AM", "McMaster Children\u2019s Hospital": "2 hr 5 min", "Hamilton General Hospital": "3 hr 1 min", "Juravinski Hospital and Cancer Centre": "5 hr 31 min", "St. Joseph\u2019s Healthcare Hamilton, Charlton Campus": "1 hr 6 min", "West Lincoln Memorial Hospital": "3 hr 47 min", "Cambridge Memorial": "Not available", "St. Catherines (Niagara Health)": "5 hr 0 min", "Niagara Falls (Niagara Health)": "3 hr 30 min", "Welland (Niagara Health)": "2 hr 30 min", "Brantford General": "9 hr 4 min", "Oakville Trafalgar Memorial (Halton Healthcare)": "5 hr 33 min", "Milton District (Halton Healthcare)": "3 hr 21 min", "Georgetown (Halton Healthcare)": "3 hr 32 min", "Sunnybrook": "5 hr 11 min", "Markham Stouffville (Oak Valley Health)": "4 hr 0 min", "Uxbridge (Oak Valley Health)": "4 hr 0 min", "Joseph Brant Hospital, Burlington": "Not available", "Guelph General": "Not available", "Mackenzie Richmond Hill (Mackenzie Health)": "Not available", "Cortellucci Vaughan (Mackenzie Health)": "Not available", "Humber River Hospital": "Not available", "St. Josephs Health Centre (Unity) Toronto": "Not available", "St. Michaels (Unity) Toronto": "Not available", "North York General": "Not available", "Southlake": "Not available", "Queensway Carleton Hospital": "Not available", "Ottawa Civic (The Ottawa Hospital)": "Not available", "Ottawa General (The Ottawa Hospital)": "Not available"}}{"timestamp": "2025-11-22T06:35:08.772671+00:00", "data": {"Toronto General (University Health Network)": "3 hr 28 min", "Toronto Western (University Health Network)": "1 hr 17 min", "Windsor Regional Hospital - Oullette Campus": "Not available", "Windsor Regional Hospital - Metropolitan Campus": "Not available", "Timmins and District Hospital": "Not available", "West Parry Sound Hospital": "2 hr 0 min", "North Bay Regional Health Centre": "8 hr  1 min", "Georgian Bay, Midland": "Not available", "Grand River, Kitchener": "2 hr  29 min", "St. Mary\u2019s General, Kitchener": "3 hr 30 min", "Collingwood General and Marine Hospital": "2 hr 0 min", "Stevenson Memorial Hospital (Alliston)": "5 hr 0 min", "Childrens Hospital (London Health Sciences Centre)": "4 hr 0 min", "University Hospital (London Health Sciences Centre)": "9 hr 0 min", "Victoria Hospital (London Health Sciences Centre)": "6 hr 15 min", "Oshawa (Lakeridge Health)": "2 hr 28 min to3 hr 34 min", "Ajax (Lakeridge Health)": "3 hr 48 min to5 hr or more", "Bowmanville (Lakeridge Health)": "3 hr 43 min to4 hr 33 min", "Port Perry (Lakeridge Health)": "1 hr 28 min to2 hr 22 min", "Etobicoke (William Osler Health System)": "1 hr 1 min", "Brampton Civic (William Osler Health System)": "Not available", "Peel Memorial Urgent Care (William Osler Health System)": "Not available", "CHEO (Childrens Hospital of Eastern Ontario)": "9 hr 16 min", "King Campus Urgent Care, St. Joseph\u2019s Healthcare Hamilton": "Closed until 8:00 AM", "West End Urgent Care Centre": "Closed until 10:00 AM", "McMaster Children\u2019s Hospital": "2 hr 5 min", "Hamilton General Hospital": "2 hr 53 min", "Juravinski Hospital and Cancer Centre": "5 hr 35 min", "St. Joseph\u2019s Healthcare Hamilton, Charlton Campus": "1 hr 7 min", "West Lincoln Memorial Hospital": "3 hr 47 min", "Cambridge Memorial": "Not available", "St. Catherines (Niagara Health)": "5 hr 0 min", "Niagara Falls (Niagara Health)": "3 hr 30 min", "Welland (Niagara Health)": "2 hr 30 min", "Brantford General": "9 hr 19 min", "Oakville Trafalgar Memorial (Halton Healthcare)": "5 hr 48 min", "Milton District (Halton Healthcare)": "3 hr 36 min", "Georgetown (Halton Healthcare)": "2 hr 9 min", "Sunnybrook": "5 hr 11 min", "Markham Stouffville (Oak Valley Health)": "4 hr 0 min", "Uxbridge (Oak Valley Health)": "0 hr 30 min", "Joseph Brant Hospital, Burlington": "Not available", "Guelph General": "Not available", "Mackenzie Richmond Hill (Mackenzie Health)": "Not available", "Cortellucci Vaughan (Mackenzie Health)": "Not available", "Humber River Hospital": "Not available", "St. Josephs Health Centre (Unity) Toronto": "Not available", "St. Michaels (Unity) Toronto": "Not available", "North York General": "Not available", "Southlake": "Not available", "Queensway Carleton Hospital": "Not available", "Ottawa Civic (The Ottawa Hospital)": "Not available", "Ottawa General (The Ottawa Hospital)": "Not available"}}{"timestamp": "2025-11-22T07:10:08.699797+00:00", "data": {"Toronto General (University Health Network)": "3 hr 28 min", "Toronto Western (University Health Network)": "1 hr 17 min", "Windsor Regional Hospital - Oullette Campus": "Not available", "Windsor Regional Hospital - Metropolitan Campus": "Not available", "Timmins and District Hospital": "Not available", "West Parry Sound Hospital": "1 hr 0 min", "North Bay Regional Health Centre": "8 hr  8 min", "Georgian Bay, Midland": "Not available", "Grand River, Kitchener": "2 hr  59 min", "St. Mary\u2019s General, Kitchener": "3 hr 0 min", "Collingwood General and Marine Hospital": "1 hr 30 min", "Stevenson Memorial Hospital (Alliston)": "4 hr 30 min", "Childrens Hospital (London Health Sciences Centre)": "4 hr 45 min", "University Hospital (London Health Sciences Centre)": "9 hr 45 min", "Victoria Hospital (London Health Sciences Centre)": "7 hr 0 min", "Oshawa (Lakeridge Health)": "2 hr 7 min to2 hr 49 min", "Ajax (Lakeridge Health)": "3 hr 45 min to5 hr or more", "Bowmanville (Lakeridge Health)": "3 hr 42 min to4 hr 33 min", "Port Perry (Lakeridge Health)": "1 hr 55 min to2 hr 33 min", "Etobicoke (William Osler Health System)": "0 hr 45 min", "Brampton Civic (William Osler Health System)": "Not available", "Peel Memorial Urgent Care (William Osler Health System)": "Not available", "CHEO (Childrens Hospital of Eastern Ontario)": "8 hr 27 min", "King Campus Urgent Care, St. Joseph\u2019s Healthcare Hamilton": "Closed until 8:00 AM", "West End Urgent Care Centre": "Closed until 10:00 AM", "McMaster Children\u2019s Hospital": "2 hr 13 min", "Hamilton General Hospital": "3 hr 18 min", "Juravinski Hospital and Cancer Centre": "5 hr 42 min", "St. Joseph\u2019s Healthcare Hamilton, Charlton Campus": "1 hr 11 min", "West Lincoln Memorial Hospital": "3 hr 49 min", "Cambridge Memorial": "Not available", "St. Catherines (Niagara Health)": "4 hr 30 min", "Niagara Falls (Niagara Health)": "3 hr 30 min", "Welland (Niagara Health)": "1 hr 30 min", "Brantford General": "9 hr 49 min", "Oakville Trafalgar Memorial (Halton Healthcare)": "6 hr 35 min", "Milton District (Halton Healthcare)": "4 hr 1 min", "Georgetown (Halton Healthcare)": "2 hr 39 min", "Sunnybrook": "4 hr 44 min", "Markham Stouffville (Oak Valley Health)": "4 hr 0 min", "Uxbridge (Oak Valley Health)": "0 hr 30 min", "Joseph Brant Hospital, Burlington": "Not available", "Guelph General": "Not available", "Mackenzie Richmond Hill (Mackenzie Health)": "Not available", "Cortellucci Vaughan (Mackenzie Health)": "Not available", "Humber River Hospital": "Not available", "St. Josephs Health Centre (Unity) Toronto": "Not available", "St. Michaels (Unity) Toronto": "Not available", "North York General": "Not available", "Southlake": "Not available", "Queensway Carleton Hospital": "Not available", "Ottawa Civic (The Ottawa Hospital)": "Not available", "Ottawa General (The Ottawa Hospital)": "Not available"}}{"timestamp": "2025-11-22T07:35:33.248543+00:00", "data": {"Toronto General (University Health Network)": "3 hr 41 min", "Toronto Western (University Health Network)": "1 hr 16 min", "Windsor Regional Hospital - Oullette Campus": "Not available", "Windsor Regional Hospital - Metropolitan Campus": "Not available", "Timmins and District Hospital": "Not available", "West Parry Sound Hospital": "1 hr 0 min", "North Bay Regional Health Centre": "8 hr  24 min", "Georgian Bay, Midland": "Not available", "Grand River, Kitchener": "3 hr  29 min", "St. Mary\u2019s General, Kitchener": "3 hr 30 min", "Collingwood General and Marine Hospital": "1 hr 30 min", "Stevenson Memorial Hospital (Alliston)": "6+ hr 0 min", "Childrens Hospital (London Health Sciences Centre)": "5 hr 0 min", "University Hospital (London Health Sciences Centre)": "10 hr 0 min", "Victoria Hospital (London Health Sciences Centre)": "7 hr 15 min", "Oshawa (Lakeridge Health)": "Not available", "Ajax (Lakeridge Health)": "Not available", "Bowmanville (Lakeridge Health)": "Not available", "Port Perry (Lakeridge Health)": "Not available", "Etobicoke (William Osler Health System)": "Not available", "Brampton Civic (William Osler Health System)": "Not available", "Peel Memorial Urgent Care (William Osler Health System)": "Not available", "CHEO (Childrens Hospital of Eastern Ontario)": "8 hr 27 min", "King Campus Urgent Care, St. Joseph\u2019s Healthcare Hamilton": "Closed until 8:00 AM", "West End Urgent Care Centre": "Closed until 10:00 AM", "McMaster Children\u2019s Hospital": "2 hr 7 min", "Hamilton General Hospital": "3 hr 23 min", "Juravinski Hospital and Cancer Centre": "5 hr 47 min", "St. Joseph\u2019s Healthcare Hamilton, Charlton Campus": "1 hr 11 min", "West Lincoln Memorial Hospital": "3 hr 51 min", "Cambridge Memorial": "Not available", "St. Catherines (Niagara Health)": "4 hr 30 min", "Niagara Falls (Niagara Health)": "4 hr 0 min", "Welland (Niagara Health)": "2 hr 0 min", "Brantford General": "10 hr 4 min", "Oakville Trafalgar Memorial (Halton Healthcare)": "7 hr 5 min", "Milton District (Halton Healthcare)": "3 hr 56 min", "Georgetown (Halton Healthcare)": "1 hr 42 min", "Sunnybrook": "3 hr 54 min", "Markham Stouffville (Oak Valley Health)": "4 hr 0 min", "Uxbridge (Oak Valley Health)": "3 hr 30 min", "Joseph Brant Hospital, Burlington": "Not available", "Guelph General": "Not available", "Mackenzie Richmond Hill (Mackenzie Health)": "Not available", "Cortellucci Vaughan (Mackenzie Health)": "Not available", "Humber River Hospital": "Not available", "St. Josephs Health Centre (Unity) Toronto": "Not available", "St. Michaels (Unity) Toronto": "Not available", "North York General": "Not available", "Southlake": "Not available", "Queensway Carleton Hospital": "Not available", "Ottawa Civic (The Ottawa Hospital)": "Not available", "Ottawa General (The Ottawa Hospital)": "Not available"}}